,bp,taire,sst
2014-01-01T23:59:00,1012.6,12.0,15.0
2014-01-02T23:59:00,1020.3,10.7,15.0
2014-01-03T23:59:00,1023.7,11.6,14.9
2014-01-04T23:59:00,1018.5,13.6,14.9
2014-01-05T23:59:00,1017.4,14.4,14.9
2014-01-06T23:59:00,1016.2,15.2,15.2
2014-01-07T23:59:00,1019.4,14.2,15.4
2014-01-08T23:59:00,1016.6,15.1,15.7
2014-01-09T23:59:00,1012.05,14.8,15.6
2014-01-10T23:59:00,1020.2,13.45,15.6
2014-01-11T23:59:00,1020.0,14.3,16.05
2014-01-12T23:59:00,1015.0,14.5,16.3
2014-01-13T23:59:00,1017.2,16.1,16.4
2014-01-14T23:59:00,1018.5,18.1,16.5
2014-01-15T23:59:00,1019.0,16.4,16.7
2014-01-16T23:59:00,1012.5,16.1,17.0
2014-01-17T23:59:00,1012.2,16.05,17.2
2014-01-18T23:59:00,1014.4,17.1,17.2
2014-01-19T23:59:00,1012.1,17.5,17.2
2014-01-20T23:59:00,1009.1,17.65,16.9
2014-01-21T23:59:00,1005.1,15.5,16.0
2014-01-22T23:59:00,1006.1,12.6,14.7
2014-01-23T23:59:00,1011.7,11.6,15.0
2014-01-24T23:59:00,1025.2,10.1,15.3
2014-01-25T23:59:00,1018.7,13.1,15.6
2014-01-26T23:59:00,1016.7,14.0,15.9
2014-01-27T23:59:00,1015.6,16.1,16.1
2014-01-28T23:59:00,1018.6,15.2,16.1
2014-01-29T23:59:00,1016.4,15.7,16.1
2014-01-30T23:59:00,1011.3,17.5,15.9
2014-01-31T23:59:00,1016.6,13.5,15.9
2014-02-01T23:59:00,1013.4,13.4,15.7
2014-02-02T23:59:00,1010.1,13.3,15.4
2014-02-03T23:59:00,1011.6,12.9,15.1
2014-02-04T23:59:00,1006.2,14.4,14.8
2014-02-05T23:59:00,1015.1,11.9,14.2
2014-02-06T23:59:00,1014.6,12.7,14.1
2014-02-07T23:59:00,1010.9,14.4,13.5
2014-02-08T23:59:00,1013.55,14.9,13.3
2014-02-09T23:59:00,1017.3,13.1,13.7
2014-02-10T23:59:00,1014.3,14.1,14.3
2014-02-11T23:59:00,1017.6,14.5,14.7
2014-02-12T23:59:00,1021.9,14.0,15.2
2014-02-13T23:59:00,1016.7,14.4,15.5
2014-02-14T23:59:00,1015.1,16.95,15.6
2014-02-15T23:59:00,1014.4,17.3,15.7
2014-02-16T23:59:00,1016.3,15.25,15.8
2014-02-17T23:59:00,1015.9,13.7,15.9
2014-02-18T23:59:00,1015.6,15.0,15.9
2014-02-19T23:59:00,1020.0,13.2,16.2
2014-02-20T23:59:00,1019.3,13.2,16.4
2014-02-21T23:59:00,1020.0,13.6,16.4
2014-02-22T23:59:00,1020.6,14.0,16.4
2014-02-23T23:59:00,1014.5,13.8,16.5
2014-02-24T23:59:00,1015.7,14.4,16.4
2014-02-25T23:59:00,1016.9,17.4,16.3
2014-02-26T23:59:00,1015.3,14.2,16.2
2014-02-27T23:59:00,1015.8,13.7,16.2
2014-02-28T23:59:00,1016.4,14.0,16.3
2014-03-01T23:59:00,1018.45,13.7,16.2
2014-03-02T23:59:00,1018.3,13.3,16.2
2014-03-03T23:59:00,1016.2,13.0,16.1
2014-03-04T23:59:00,1014.8,13.7,15.9
2014-03-05T23:59:00,1020.4,12.2,15.6
2014-03-06T23:59:00,1022.6,13.6,15.4
2014-03-07T23:59:00,1022.0,13.6,15.3
2014-03-08T23:59:00,1013.5,13.0,15.1
2014-03-09T23:59:00,1019.4,11.7,14.5
2014-03-10T23:59:00,1014.15,12.2,14.2
2014-03-11T23:59:00,1015.0,15.6,13.8
2014-03-12T23:59:00,1015.7,13.8,13.8
2014-03-13T23:59:00,1018.7,12.6,14.4
2014-03-14T23:59:00,1015.4,11.9,14.5
2014-03-15T23:59:00,1013.7,12.3,14.5
2014-03-16T23:59:00,1007.6,12.5,14.1
2014-03-17T23:59:00,1017.8,12.1,14.0
2014-03-18T23:59:00,1015.2,12.9,14.0
2014-03-19T23:59:00,1016.7,12.3,14.2
2014-03-20T23:59:00,1015.4,13.7,14.3
2014-03-21T23:59:00,1024.7,10.6,14.3
2014-03-22T23:59:00,1024.7,11.9,14.3
2014-03-23T23:59:00,1020.6,13.3,14.4
2014-03-24T23:59:00,1022.7,12.4,14.4
2014-03-25T23:59:00,1023.4,12.2,14.5
2014-03-26T23:59:00,1016.6,12.6,14.5
2014-03-27T23:59:00,1014.4,12.0,14.5
2014-03-28T23:59:00,1008.6,13.5,14.4
2014-03-29T23:59:00,1005.8,12.05,13.6
2014-03-30T23:59:00,1006.8,8.4,13.5
2014-03-31T23:59:00,1016.45,9.9,13.4
2014-04-01T23:59:00,1024.0,10.1,13.3
2014-04-02T23:59:00,1016.7,11.3,13.3
2014-04-03T23:59:00,1016.1,11.7,13.3
2014-04-04T23:59:00,1017.7,11.7,13.4
2014-04-05T23:59:00,1017.3,11.2,13.4
2014-04-06T23:59:00,1012.6,11.5,13.4
2014-04-07T23:59:00,1017.1,12.9,13.5
2014-04-08T23:59:00,1016.7,12.0,13.4
2014-04-09T23:59:00,1014.6,13.3,13.2
2014-04-10T23:59:00,1020.1,10.8,13.1
2014-04-11T23:59:00,1012.8,11.4,12.75
2014-04-12T23:59:00,1027.8,7.6,12.6
2014-04-13T23:59:00,1024.1,7.4,12.6
2014-04-14T23:59:00,1019.0,13.3,12.7
2014-04-15T23:59:00,1012.7,14.9,12.9
2014-04-16T23:59:00,1016.8,10.4,12.7
2014-04-17T23:59:00,1023.1,7.8,12.7
2014-04-18T23:59:00,1017.1,10.2,12.7
2014-04-19T23:59:00,1022.4,7.0,12.6
2014-04-20T23:59:00,1019.8,9.3,12.6
2014-04-21T23:59:00,1021.2,10.8,12.5
2014-04-22T23:59:00,1019.9,11.0,12.6
2014-04-23T23:59:00,1019.2,11.4,12.5
2014-04-24T23:59:00,1019.2,10.1,12.6
2014-04-25T23:59:00,1013.8,9.75,12.6
2014-04-26T23:59:00,1010.0,11.6,12.6
2014-04-27T23:59:00,1021.2,9.0,12.4
2014-04-28T23:59:00,1022.8,6.5,12.3
2014-04-29T23:59:00,1017.8,7.1,12.4
2014-04-30T23:59:00,1007.4,12.6,12.4
2014-05-01T23:59:00,1010.3,7.5,12.2
2014-05-02T23:59:00,1009.7,9.4,12.2
2014-05-03T23:59:00,1006.7,12.5,12.2
2014-05-04T23:59:00,1012.4,11.8,12.1
2014-05-05T23:59:00,1017.5,11.7,11.9
2014-05-06T23:59:00,1007.2,12.5,11.8
2014-05-07T23:59:00,1016.5,15.4,11.8
2014-05-08T23:59:00,1018.6,12.9,11.7
2014-05-09T23:59:00,1016.4,13.5,11.7
2014-05-10T23:59:00,1022.5,8.2,11.7
2014-05-11T23:59:00,1019.6,8.9,11.7
2014-05-12T23:59:00,1014.2,9.8,11.7
2014-05-13T23:59:00,1013.7,8.7,11.8
2014-05-14T23:59:00,1012.2,9.1,11.8
2014-05-15T23:59:00,1015.9,12.7,11.9
2014-05-16T23:59:00,1021.7,10.3,11.9
2014-05-17T23:59:00,1020.4,8.8,11.9
2014-05-18T23:59:00,1010.9,10.8,11.9
2014-05-19T23:59:00,1011.9,12.8,11.9
2014-05-20T23:59:00,1012.5,11.7,11.9
2014-05-21T23:59:00,1018.0,9.7,11.8
2014-05-22T23:59:00,1027.4,9.1,11.7
2014-05-23T23:59:00,1024.1,8.2,11.5
2014-05-24T23:59:00,1015.2,6.5,11.3
2014-05-25T23:59:00,1018.9,10.1,11.4
2014-05-26T23:59:00,1016.9,11.2,11.5
2014-05-27T23:59:00,1016.2,12.2,11.6
2014-05-28T23:59:00,1001.8,13.2,11.6
2014-05-29T23:59:00,998.3,10.4,11.7
2014-05-30T23:59:00,1012.6,10.6,11.6
2014-05-31T23:59:00,1011.4,11.1,11.6
2014-06-01T23:59:00,1005.5,10.7,11.7
2014-06-02T23:59:00,999.3,11.1,11.7
2014-06-03T23:59:00,1002.8,7.3,11.6
2014-06-04T23:59:00,1005.5,6.3,11.5
2014-06-05T23:59:00,1011.9,5.6,11.4
2014-06-06T23:59:00,1001.4,7.9,11.3
2014-06-07T23:59:00,1002.2,6.4,11.3
2014-06-08T23:59:00,1001.2,8.8,11.3
2014-06-09T23:59:00,1013.9,10.3,11.4
2014-06-10T23:59:00,1001.5,9.8,11.5
2014-06-11T23:59:00,1003.15,9.3,11.5
2014-06-12T23:59:00,1016.2,6.0,11.5
2014-06-13T23:59:00,1020.9,6.8,11.5
2014-06-14T23:59:00,1012.5,9.3,11.5
2014-06-15T23:59:00,1017.1,9.8,11.5
2014-06-16T23:59:00,1026.8,8.1,11.5
2014-06-17T23:59:00,1027.0,7.6,11.4
2014-06-18T23:59:00,1024.2,7.7,11.3
2014-06-19T23:59:00,1015.1,8.1,11.1
2014-06-20T23:59:00,1010.9,11.9,11.0
2014-06-21T23:59:00,1008.0,11.6,11.0
2014-06-22T23:59:00,1007.2,11.5,11.1
2014-06-23T23:59:00,1021.4,8.4,11.1
2014-06-24T23:59:00,1022.2,7.8,11.2
2014-06-25T23:59:00,1023.1,7.0,11.1
2014-06-26T23:59:00,1024.2,7.7,11.1
2014-06-27T23:59:00,1028.8,9.2,11.2
2014-06-28T23:59:00,1023.0,6.2,11.2
2014-06-29T23:59:00,1020.3,8.0,11.2
2014-06-30T23:59:00,1012.8,9.95,11.2
2014-07-01T23:59:00,1008.3,8.9,11.2
2014-07-02T23:59:00,1014.3,6.15,11.2
2014-07-03T23:59:00,1010.3,8.9,11.2
2014-07-04T23:59:00,1014.7,6.1,11.2
2014-07-05T23:59:00,1029.5,4.7,10.9
2014-07-06T23:59:00,1026.3,7.6,10.9
2014-07-07T23:59:00,1025.9,7.7,11.0
2014-07-08T23:59:00,1022.6,6.8,10.8
2014-07-09T23:59:00,1021.6,7.9,10.8
2014-07-10T23:59:00,1014.9,6.8,10.7
2014-07-11T23:59:00,1012.5,9.7,10.6
2014-07-12T23:59:00,1015.2,10.4,10.8
2014-07-13T23:59:00,1006.4,11.7,10.9
2014-07-14T23:59:00,1004.9,11.3,11.0
2014-07-15T23:59:00,1014.7,9.5,11.0
2014-07-16T23:59:00,1013.7,8.7,11.1
2014-07-17T23:59:00,1026.2,8.7,11.1
2014-07-18T23:59:00,1023.5,11.0,11.1
2014-07-19T23:59:00,1016.6,11.6,11.1
2014-07-20T23:59:00,1011.3,10.9,11.1
2014-07-21T23:59:00,1016.9,8.2,11.0
2014-07-22T23:59:00,1024.3,6.1,11.0
2014-07-23T23:59:00,1027.9,5.9,10.8
2014-07-24T23:59:00,1027.2,6.6,10.8
2014-07-25T23:59:00,1019.95,7.6,10.9
2014-07-26T23:59:00,1020.5,4.3,10.9
2014-07-27T23:59:00,1005.9,11.1,11.0
2014-07-28T23:59:00,1008.7,10.6,11.1
2014-07-29T23:59:00,1010.0,10.9,11.1
2014-07-30T23:59:00,1010.0,10.9,11.1
2014-07-31T23:59:00,1005.7,11.2,11.1
2014-08-01T23:59:00,1002.5,12.2,11.2
2014-08-02T23:59:00,998.8,11.4,11.2
2014-08-03T23:59:00,1012.7,8.0,11.1
2014-08-04T23:59:00,1020.5,7.8,11.1
2014-08-05T23:59:00,1003.6,9.7,11.0
2014-08-06T23:59:00,1015.7,8.8,10.9
2014-08-07T23:59:00,1031.35,7.6,11.0
2014-08-08T23:59:00,1022.7,6.4,11.0
2014-08-09T23:59:00,1015.5,8.8,11.0
2014-08-10T23:59:00,1022.7,5.6,11.0
2014-08-11T23:59:00,1021.5,6.9,11.0
2014-08-12T23:59:00,1032.1,6.2,11.0
2014-08-13T23:59:00,1029.35,6.1,10.9
2014-08-14T23:59:00,1015.8,5.3,10.6
2014-08-15T23:59:00,1014.1,8.3,10.5
2014-08-16T23:59:00,1015.1,11.6,10.8
2014-08-17T23:59:00,1016.6,14.1,10.9
2014-08-18T23:59:00,1015.3,13.2,11.0
2014-08-19T23:59:00,1011.9,10.1,11.0
2014-08-20T23:59:00,1013.3,11.3,11.1
2014-08-21T23:59:00,1016.7,10.6,11.0
2014-08-22T23:59:00,1011.5,11.1,11.1
2014-08-23T23:59:00,1012.5,11.0,11.1
2014-08-24T23:59:00,1019.9,9.15,11.1
2014-08-25T23:59:00,1026.6,9.2,11.2
2014-08-26T23:59:00,1020.0,9.1,11.2
2014-08-27T23:59:00,1014.3,9.6,11.3
2014-08-28T23:59:00,1014.2,11.4,11.3
2014-08-29T23:59:00,1010.6,11.8,11.3
2014-08-30T23:59:00,1007.3,11.75,11.3
2014-08-31T23:59:00,1010.75,10.4,11.2
2014-09-01T23:59:00,1005.1,13.05,11.3
2014-09-02T23:59:00,1009.9,11.9,11.3
2014-09-03T23:59:00,1009.3,11.9,11.1
2014-09-04T23:59:00,1016.1,10.6,11.15
2014-09-05T23:59:00,1016.8,10.0,11.2
2014-09-06T23:59:00,1016.4,9.8,11.2
2014-09-07T23:59:00,1012.7,9.6,11.2
2014-09-08T23:59:00,1004.5,10.8,11.2
2014-09-09T23:59:00,1014.5,7.1,11.1
2014-09-10T23:59:00,1019.35,7.9,11.1
2014-09-11T23:59:00,1018.3,8.1,11.1
2014-09-12T23:59:00,1016.3,8.4,11.1
2014-09-13T23:59:00,1020.7,8.6,11.2
2014-09-14T23:59:00,1026.5,9.1,11.3
2014-09-15T23:59:00,1022.4,9.4,11.3
2014-09-16T23:59:00,1018.9,8.9,11.3
2014-09-17T23:59:00,1019.2,8.2,11.4
2014-09-18T23:59:00,1016.9,9.7,11.4
2014-09-19T23:59:00,1016.0,11.0,11.1
2014-09-20T23:59:00,1018.8,12.2,11.2
2014-09-21T23:59:00,1011.4,10.9,11.2
2014-09-22T23:59:00,1017.1,9.35,11.2
2014-09-23T23:59:00,1010.8,9.2,11.2
2014-09-24T23:59:00,1012.0,7.7,11.2
2014-09-25T23:59:00,1016.0,6.6,11.1
2014-09-26T23:59:00,1020.0,7.1,11.1
2014-09-27T23:59:00,1010.35,8.8,11.2
2014-09-28T23:59:00,1011.2,9.9,11.2
2014-09-29T23:59:00,1012.85,9.4,11.2
2014-09-30T23:59:00,1019.9,10.3,11.2
2014-10-01T23:59:00,1016.5,9.9,11.2
2014-10-02T23:59:00,1015.1,10.4,11.3
2014-10-03T23:59:00,1014.2,11.1,11.5
2014-10-04T23:59:00,1019.3,11.4,11.7
2014-10-05T23:59:00,1021.6,11.7,11.8
2014-10-06T23:59:00,1020.3,11.4,11.8
2014-10-07T23:59:00,1019.9,10.9,12.0
2014-10-08T23:59:00,1018.2,8.2,12.1
2014-10-09T23:59:00,1022.5,7.8,12.0
2014-10-10T23:59:00,1023.4,8.2,12.0
2014-10-11T23:59:00,1022.7,9.4,12.0
2014-10-12T23:59:00,1024.0,8.5,12.0
2014-10-13T23:59:00,1021.2,10.9,11.9
2014-10-14T23:59:00,1016.2,10.8,12.1
2014-10-15T23:59:00,1010.6,10.8,12.1
2014-10-16T23:59:00,1014.9,12.1,11.9
2014-10-17T23:59:00,1007.8,11.5,11.6
2014-10-18T23:59:00,1011.7,11.4,11.5
2014-10-19T23:59:00,1017.9,10.6,11.3
2014-10-20T23:59:00,1012.9,13.7,11.3
2014-10-21T23:59:00,1012.7,15.2,11.4
2014-10-22T23:59:00,1018.5,14.1,11.6
2014-10-23T23:59:00,1020.7,11.5,11.7
2014-10-24T23:59:00,1020.3,11.5,11.8
2014-10-25T23:59:00,1015.8,10.35,12.0
2014-10-26T23:59:00,1014.5,11.1,12.1
2014-10-27T23:59:00,1014.7,11.6,12.2
2014-10-28T23:59:00,1010.4,12.5,12.2
2014-10-29T23:59:00,1011.0,9.2,12.1
2014-10-30T23:59:00,1015.5,8.0,11.9
2014-10-31T23:59:00,1022.6,7.7,11.8
2014-11-01T23:59:00,1024.5,10.0,11.7
2014-11-02T23:59:00,1020.5,11.8,11.9
2014-11-03T23:59:00,1020.9,11.1,11.9
2014-11-04T23:59:00,1019.4,10.0,12.0
2014-11-05T23:59:00,1013.9,11.4,12.0
2014-11-06T23:59:00,1011.9,11.7,11.8
2014-11-07T23:59:00,1020.2,11.7,11.8
2014-11-08T23:59:00,1020.8,11.8,11.8
2014-11-09T23:59:00,1017.8,10.9,11.8
2014-11-10T23:59:00,1017.8,11.9,12.0
2014-11-11T23:59:00,1021.5,10.9,12.3
2014-11-12T23:59:00,1025.1,11.4,12.5
2014-11-13T23:59:00,1024.5,12.5,12.7
2014-11-14T23:59:00,1020.7,12.2,12.9
2014-11-15T23:59:00,1023.7,13.0,13.0
2014-11-16T23:59:00,1021.6,13.3,13.0
2014-11-17T23:59:00,1012.9,13.0,13.7
2014-11-18T23:59:00,1010.3,12.2,13.1
2014-11-19T23:59:00,1019.9,10.8,13.1
2014-11-20T23:59:00,1021.0,11.3,13.0
2014-11-21T23:59:00,1020.2,12.3,13.3
2014-11-22T23:59:00,1016.9,12.6,13.5
2014-11-23T23:59:00,1009.6,12.4,13.0
2014-11-24T23:59:00,1020.7,11.4,12.9
2014-11-25T23:59:00,1020.1,12.0,12.9
2014-11-26T23:59:00,1020.4,12.5,13.3
2014-11-27T23:59:00,1015.8,12.5,13.6
2014-11-28T23:59:00,1012.0,12.65,13.3
2014-11-29T23:59:00,1022.7,10.5,13.1
2014-11-30T23:59:00,1026.3,11.8,13.5
2014-12-01T23:59:00,1024.8,12.7,13.8
2014-12-02T23:59:00,1016.4,12.7,14.1
2014-12-03T23:59:00,1015.3,12.9,14.1
2014-12-04T23:59:00,1010.3,15.85,14.1
2014-12-05T23:59:00,1012.7,15.4,14.0
2014-12-06T23:59:00,1016.4,15.7,13.9
2014-12-07T23:59:00,1017.55,14.6,13.7
2014-12-08T23:59:00,1015.7,13.8,13.7
2014-12-09T23:59:00,1014.4,12.3,14.2
2014-12-10T23:59:00,1019.1,12.2,14.5
2014-12-11T23:59:00,1022.0,12.5,14.8
2014-12-12T23:59:00,1021.5,12.7,15.0
2014-12-13T23:59:00,1019.7,13.2,15.2
2014-12-14T23:59:00,1011.7,14.4,15.3
2014-12-15T23:59:00,1015.8,13.9,15.3
2014-12-16T23:59:00,1020.9,13.7,15.3
2014-12-17T23:59:00,1022.7,13.6,15.6
2014-12-18T23:59:00,1018.7,14.0,15.9
2014-12-19T23:59:00,1008.6,13.2,15.2
2014-12-20T23:59:00,1014.8,9.1,15.0
2014-12-21T23:59:00,1022.5,9.9,15.0
2014-12-22T23:59:00,1025.0,11.7,15.0
2014-12-23T23:59:00,1019.8,13.1,14.9
2014-12-24T23:59:00,1015.3,14.0,14.8
2014-12-25T23:59:00,1014.3,13.55,14.9
2014-12-26T23:59:00,1015.0,16.8,15.0
2014-12-27T23:59:00,1012.4,17.2,15.1
2014-12-28T23:59:00,1011.0,17.8,15.0
2014-12-29T23:59:00,1012.8,15.9,14.1
2014-12-30T23:59:00,1012.0,14.7,14.4
2014-12-31T23:59:00,1009.4,11.4,13.6
2015-01-01T23:59:00,1020.9,12.0,14.0
2015-01-02T23:59:00,1018.7,13.4,14.6
2015-01-03T23:59:00,1018.0,14.3,15.0
2015-01-04T23:59:00,1015.9,16.2,15.0
2015-01-05T23:59:00,1013.7,15.1,15.1
2015-01-06T23:59:00,1018.4,13.5,15.3
2015-01-07T23:59:00,1019.1,14.0,15.6
2015-01-08T23:59:00,1015.9,13.8,15.8
2015-01-09T23:59:00,1017.0,15.3,16.0
2015-01-10T23:59:00,1019.6,14.4,16.2
2015-01-11T23:59:00,1020.8,13.9,16.4
2015-01-12T23:59:00,1018.1,14.2,16.3
2015-01-13T23:59:00,1015.3,14.8,16.3
2015-01-14T23:59:00,1020.6,13.7,16.0
2015-01-15T23:59:00,1017.9,14.0,16.4
2015-01-16T23:59:00,1019.4,15.5,16.7
2015-01-17T23:59:00,1019.6,16.4,16.7
2015-01-18T23:59:00,1015.3,15.75,16.6
2015-01-19T23:59:00,1020.0,14.9,16.3
2015-01-20T23:59:00,1016.8,16.6,16.6
2015-01-21T23:59:00,1012.4,18.5,16.8
2015-01-22T23:59:00,1017.3,15.4,16.8
2015-01-23T23:59:00,1016.2,17.1,16.7
2015-01-24T23:59:00,1015.2,16.6,16.6
2015-01-25T23:59:00,1013.3,16.1,16.8
2015-01-26T23:59:00,1012.4,17.4,17.0
2015-01-27T23:59:00,1015.6,16.4,16.7
2015-01-28T23:59:00,1019.2,14.2,17.0
2015-01-29T23:59:00,1013.5,15.2,17.45
2015-01-30T23:59:00,1014.6,14.2,17.4
2015-01-31T23:59:00,1014.9,17.2,17.3
2015-02-01T23:59:00,1017.1,16.8,17.8
2015-02-02T23:59:00,1014.6,15.2,18.1
2015-02-03T23:59:00,1012.8,16.0,17.9
2015-02-04T23:59:00,1013.8,14.1,17.8
2015-02-05T23:59:00,1012.7,15.9,17.5
2015-02-06T23:59:00,1015.4,17.9,17.4
2015-02-07T23:59:00,1015.7,15.2,17.9
2015-02-08T23:59:00,1015.7,13.7,17.5
2015-02-09T23:59:00,1017.1,12.8,17.4
2015-02-10T23:59:00,1021.6,12.0,17.3
2015-02-11T23:59:00,1018.4,14.1,16.3
2015-02-12T23:59:00,1022.8,14.1,16.3
2015-02-13T23:59:00,1019.0,13.5,16.6
2015-02-14T23:59:00,1018.0,14.3,16.6
2015-02-15T23:59:00,1017.3,14.9,16.7
2015-02-16T23:59:00,1020.1,15.4,16.8
2015-02-17T23:59:00,1018.7,13.9,17.0
2015-02-18T23:59:00,1021.6,12.8,16.8
2015-02-19T23:59:00,1019.1,13.3,16.7
2015-02-20T23:59:00,1017.0,13.9,16.7
2015-02-21T23:59:00,1015.8,14.0,16.6
2015-02-22T23:59:00,1017.9,13.6,16.5
2015-02-23T23:59:00,1017.1,13.4,16.6
2015-02-24T23:59:00,1016.2,14.5,16.7
2015-02-25T23:59:00,1017.4,15.3,16.8
2015-02-26T23:59:00,1014.9,17.0,17.0
2015-02-27T23:59:00,1013.0,16.7,16.9
2015-02-28T23:59:00,1014.1,13.3,16.8
2015-03-01T23:59:00,1015.0,16.7,16.6
2015-03-02T23:59:00,1013.3,16.4,15.7
2015-03-03T23:59:00,1017.6,14.4,16.0
2015-03-04T23:59:00,1014.6,13.1,16.0
2015-03-05T23:59:00,1014.3,14.5,16.0
2015-03-06T23:59:00,1011.2,16.2,15.9
2015-03-07T23:59:00,1009.9,18.0,15.7
2015-03-08T23:59:00,1018.2,15.5,14.7
2015-03-09T23:59:00,1013.2,14.4,14.9
2015-03-10T23:59:00,1014.1,14.0,15.0
2015-03-11T23:59:00,1015.8,14.6,15.2
2015-03-12T23:59:00,1013.7,14.1,15.5
2015-03-13T23:59:00,1017.0,14.0,15.6
2015-03-14T23:59:00,1019.7,12.2,15.6
2015-03-15T23:59:00,1013.7,13.7,15.6
2015-03-16T23:59:00,1007.4,17.9,14.1
2015-03-17T23:59:00,1018.6,12.6,13.3
2015-03-18T23:59:00,1015.6,11.5,13.4
2015-03-19T23:59:00,1015.1,13.4,14.3
2015-03-20T23:59:00,1023.3,12.7,14.4
2015-03-21T23:59:00,1019.3,12.1,14.5
2015-03-22T23:59:00,1016.2,11.9,14.5
2015-03-23T23:59:00,1016.3,12.0,14.6
2015-03-24T23:59:00,1016.5,13.1,14.7
2015-03-25T23:59:00,1017.5,14.1,14.8
2015-03-26T23:59:00,1015.1,13.8,14.9
2015-03-27T23:59:00,1017.0,14.7,14.8
2015-03-28T23:59:00,1017.5,15.1,14.7
2015-03-29T23:59:00,1021.1,13.1,14.2
2015-03-30T23:59:00,1023.1,12.4,14.5
2015-03-31T23:59:00,1021.1,13.0,14.3
2015-04-01T23:59:00,1013.3,13.6,12.6
2015-04-02T23:59:00,1013.3,9.7,12.7
2015-04-03T23:59:00,1012.8,14.0,12.6
2015-04-04T23:59:00,1013.6,12.3,12.5
2015-04-05T23:59:00,1016.7,11.9,12.9
2015-04-06T23:59:00,1010.9,11.2,13.1
2015-04-07T23:59:00,1010.0,15.2,13.4
2015-04-08T23:59:00,1011.2,16.6,13.1
2015-04-09T23:59:00,1017.8,13.7,13.0
2015-04-10T23:59:00,1020.3,13.5,12.8
2015-04-11T23:59:00,1016.8,12.1,13.6
2015-04-12T23:59:00,1009.8,15.0,13.8
2015-04-13T23:59:00,1014.8,13.4,13.1
2015-04-14T23:59:00,1018.6,11.5,12.9
2015-04-15T23:59:00,1016.5,11.5,13.1
2015-04-16T23:59:00,1017.6,11.2,13.2
2015-04-17T23:59:00,1021.7,11.6,13.0
2015-04-18T23:59:00,1001.6,12.5,12.3
2015-04-19T23:59:00,1013.2,11.4,12.2
2015-04-20T23:59:00,1021.9,10.5,12.1
2015-04-21T23:59:00,1023.3,9.8,11.8
2015-04-22T23:59:00,1021.6,9.9,12.15
2015-04-23T23:59:00,1018.3,9.1,12.3
2015-04-24T23:59:00,1019.0,10.6,12.4
2015-04-25T23:59:00,1017.2,11.1,12.5
2015-04-26T23:59:00,1017.0,11.7,12.7
2015-04-27T23:59:00,1016.4,12.0,12.7
2015-04-28T23:59:00,1017.5,13.0,12.8
2015-04-29T23:59:00,1017.75,11.3,13.0
2015-04-30T23:59:00,1018.5,10.1,12.8
2015-05-01T23:59:00,1011.9,12.3,12.6
2015-05-02T23:59:00,1020.1,8.3,12.3
2015-05-03T23:59:00,1019.6,8.7,12.3
2015-05-04T23:59:00,1018.7,10.6,12.1
2015-05-05T23:59:00,1020.3,10.2,12.2
2015-05-06T23:59:00,1019.2,8.6,12.0
2015-05-07T23:59:00,1009.8,7.9,12.0
2015-05-08T23:59:00,1005.3,14.0,12.1
2015-05-09T23:59:00,1011.35,13.5,11.9
2015-05-10T23:59:00,1018.3,13.3,11.9
2015-05-11T23:59:00,1014.6,13.5,11.9
2015-05-12T23:59:00,1010.65,15.4,11.8
2015-05-13T23:59:00,1015.8,12.8,11.6
2015-05-14T23:59:00,1012.0,13.6,11.6
2015-05-15T23:59:00,1010.4,14.7,11.6
2015-05-16T23:59:00,1002.8,16.3,11.7
2015-05-17T23:59:00,1013.2,11.7,11.6
2015-05-18T23:59:00,1016.9,10.8,11.5
2015-05-19T23:59:00,1010.5,16.0,11.6
2015-05-20T23:59:00,1004.1,14.3,11.6
2015-05-21T23:59:00,1011.95,11.4,11.5
2015-05-22T23:59:00,1014.0,10.7,11.5
2015-05-23T23:59:00,1020.8,7.5,11.4
2015-05-24T23:59:00,1024.7,6.2,11.3
2015-05-25T23:59:00,1021.6,7.7,11.4
2015-05-26T23:59:00,1020.2,6.1,11.1
2015-05-27T23:59:00,1017.8,11.0,11.4
2015-05-28T23:59:00,1006.7,13.2,11.5
2015-05-29T23:59:00,1013.3,10.7,11.4
2015-05-30T23:59:00,1011.8,11.5,11.5
2015-05-31T23:59:00,1013.0,11.2,11.4
2015-06-01T23:59:00,1008.6,13.5,11.5
2015-06-02T23:59:00,999.0,15.1,11.55
2015-06-03T23:59:00,1011.9,12.0,11.6
2015-06-04T23:59:00,1006.0,12.8,11.8
2015-06-05T23:59:00,1001.6,13.1,11.7
2015-06-06T23:59:00,1004.3,11.3,11.6
2015-06-07T23:59:00,1014.4,9.4,11.5
2015-06-08T23:59:00,1011.9,8.4,11.45
2015-06-09T23:59:00,1016.2,8.0,11.5
2015-06-10T23:59:00,1018.0,6.4,11.3
2015-06-11T23:59:00,1024.9,8.4,11.2
2015-06-12T23:59:00,1019.8,7.7,11.2
2015-06-13T23:59:00,1013.5,8.0,11.3
2015-06-14T23:59:00,1022.5,7.5,11.2
2015-06-15T23:59:00,1018.8,10.4,11.3
2015-06-16T23:59:00,1012.8,9.7,11.4
2015-06-17T23:59:00,1027.5,5.5,11.3
2015-06-18T23:59:00,1026.0,4.3,11.0
2015-06-19T23:59:00,1011.8,7.0,10.9
2015-06-20T23:59:00,1021.1,9.1,11.2
2015-06-21T23:59:00,1023.2,8.8,11.2
2015-06-22T23:59:00,1024.4,7.1,11.0
2015-06-23T23:59:00,1014.7,3.6,10.9
2015-06-24T23:59:00,1009.8,9.75,10.5
2015-06-25T23:59:00,1012.2,13.7,10.8
2015-06-26T23:59:00,1019.0,12.9,11.4
2015-06-27T23:59:00,1024.6,8.7,11.3
2015-06-28T23:59:00,1021.4,6.9,10.9
2015-06-29T23:59:00,1018.1,9.2,11.2
2015-06-30T23:59:00,1021.9,8.7,11.4
2015-07-01T23:59:00,1019.4,5.6,10.9
2015-07-02T23:59:00,1019.1,8.3,11.1
2015-07-03T23:59:00,1025.6,5.2,11.1
2015-07-04T23:59:00,1009.8,4.2,11.0
2015-07-05T23:59:00,1006.0,8.5,11.0
2015-07-06T23:59:00,1011.6,9.1,11.4
2015-07-07T23:59:00,1014.3,9.9,11.5
2015-07-08T23:59:00,1001.7,10.3,11.5
2015-07-09T23:59:00,1013.3,7.4,11.4
2015-07-10T23:59:00,1019.4,6.1,11.4
2015-07-11T23:59:00,1014.4,6.1,11.3
2015-07-12T23:59:00,1010.5,7.6,11.1
2015-07-13T23:59:00,1012.6,5.7,10.7
2015-07-14T23:59:00,1020.5,6.4,10.7
2015-07-15T23:59:00,1014.5,8.7,11.2
2015-07-16T23:59:00,1019.7,7.3,11.1
2015-07-17T23:59:00,1008.2,8.1,11.3
2015-07-18T23:59:00,1019.1,5.4,11.3
2015-07-19T23:59:00,1022.25,6.2,11.3
2015-07-20T23:59:00,1030.0,4.9,11.2
2015-07-21T23:59:00,1019.5,7.8,11.3
2015-07-22T23:59:00,1019.5,9.2,11.3
2015-07-23T23:59:00,1018.2,12.1,11.4
2015-07-24T23:59:00,1012.1,12.3,11.5
2015-07-25T23:59:00,1003.1,12.2,11.4
2015-07-26T23:59:00,998.8,12.5,11.5
2015-07-27T23:59:00,1001.9,11.8,11.6
2015-07-28T23:59:00,1010.9,10.5,11.5
2015-07-29T23:59:00,1015.2,10.7,11.5
2015-07-30T23:59:00,1008.8,10.8,11.6
2015-07-31T23:59:00,1013.8,9.5,11.6
2015-08-01T23:59:00,1004.6,8.7,11.4
2015-08-02T23:59:00,1006.7,8.8,11.3
2015-08-03T23:59:00,1017.0,8.0,11.2
2015-08-04T23:59:00,1007.9,11.3,11.2
2015-08-05T23:59:00,999.1,10.3,11.2
2015-08-06T23:59:00,1001.3,8.7,11.2
2015-08-07T23:59:00,1010.8,7.3,11.2
2015-08-08T23:59:00,1010.9,8.0,11.0
2015-08-09T23:59:00,1010.7,7.6,10.4
2015-08-10T23:59:00,1020.0,5.6,10.4
2015-08-11T23:59:00,1024.9,5.0,10.6
2015-08-12T23:59:00,1023.6,7.4,10.9
2015-08-13T23:59:00,1024.7,6.3,10.75
2015-08-14T23:59:00,1016.25,6.8,10.8
2015-08-15T23:59:00,1019.9,7.8,10.9
2015-08-16T23:59:00,1024.2,6.2,11.0
2015-08-17T23:59:00,1016.0,9.3,11.1
2015-08-18T23:59:00,1024.3,8.1,11.2
2015-08-19T23:59:00,1020.5,6.5,11.2
2015-08-20T23:59:00,1014.1,7.2,11.1
2015-08-21T23:59:00,1005.5,10.1,11.1
2015-08-22T23:59:00,1009.0,9.4,11.1
2015-08-23T23:59:00,1015.7,9.9,11.1
2015-08-24T23:59:00,1003.9,10.8,11.2
2015-08-25T23:59:00,1000.1,11.8,11.3
2015-08-26T23:59:00,1013.2,11.0,11.4
2015-08-27T23:59:00,1009.5,11.5,11.3
2015-08-28T23:59:00,1001.0,12.0,11.5
2015-08-29T23:59:00,1009.1,10.8,11.5
2015-08-30T23:59:00,1015.3,8.3,11.4
2015-08-31T23:59:00,1026.3,8.9,11.3
2015-09-01T23:59:00,1024.9,9.3,11.1
2015-09-02T23:59:00,1029.4,8.8,10.9
2015-09-03T23:59:00,1028.2,8.5,10.9
2015-09-04T23:59:00,1025.3,8.9,10.8
2015-09-05T23:59:00,1013.8,9.4,10.9
2015-09-06T23:59:00,1010.4,9.8,11.1
2015-09-07T23:59:00,1010.5,8.9,11.1
2015-09-08T23:59:00,1012.9,7.3,11.1
2015-09-09T23:59:00,1020.8,3.8,10.9
2015-09-10T23:59:00,1022.0,5.5,10.9
2015-09-11T23:59:00,1028.5,6.9,10.9
2015-09-12T23:59:00,1028.0,8.0,10.9
2015-09-13T23:59:00,1024.0,8.1,10.9
2015-09-14T23:59:00,1011.1,6.3,10.9
2015-09-15T23:59:00,1015.8,5.7,10.8
2015-09-16T23:59:00,1020.4,5.0,10.8
2015-09-17T23:59:00,1020.5,6.1,10.9
2015-09-18T23:59:00,1024.5,7.1,11.0
2015-09-19T23:59:00,1024.1,8.1,11.0
2015-09-20T23:59:00,1015.2,9.3,11.0
2015-09-21T23:59:00,1013.3,8.9,11.1
2015-09-22T23:59:00,1013.6,10.1,11.3
2015-09-23T23:59:00,1012.8,11.1,11.4
2015-09-24T23:59:00,1013.9,11.9,11.4
2015-09-25T23:59:00,1019.9,10.6,11.4
2015-09-26T23:59:00,1017.6,9.2,11.4
2015-09-27T23:59:00,1011.9,10.3,11.3
2015-09-28T23:59:00,1017.5,9.6,11.4
2015-09-29T23:59:00,1014.6,11.4,11.4
2015-09-30T23:59:00,1010.3,10.6,11.5
2015-10-01T23:59:00,1014.55,10.2,11.5
2015-10-02T23:59:00,1017.7,12.4,11.6
2015-10-03T23:59:00,1009.6,12.1,11.9
2015-10-04T23:59:00,1006.4,12.5,11.9
2015-10-05T23:59:00,1014.5,9.9,11.7
2015-10-06T23:59:00,1016.9,7.9,11.5
2015-10-07T23:59:00,1020.7,6.9,11.5
2015-10-08T23:59:00,1026.7,7.8,11.7
2015-10-09T23:59:00,1028.6,9.3,11.8
2015-10-10T23:59:00,1027.8,11.05,12.0
2015-10-11T23:59:00,1023.6,10.0,12.3
2015-10-12T23:59:00,1008.8,11.4,12.3
2015-10-13T23:59:00,1006.7,10.9,11.9
2015-10-14T23:59:00,1011.3,8.7,11.9
2015-10-15T23:59:00,1021.4,7.7,11.9
2015-10-16T23:59:00,1023.9,9.0,12.0
2015-10-17T23:59:00,1023.9,10.0,12.2
2015-10-18T23:59:00,1015.4,10.8,12.4
2015-10-19T23:59:00,1013.5,10.6,12.5
2015-10-20T23:59:00,1017.7,10.75,12.6
2015-10-21T23:59:00,1017.1,9.8,12.6
2015-10-22T23:59:00,1021.6,9.2,12.6
2015-10-23T23:59:00,1014.3,11.5,12.9
2015-10-24T23:59:00,1012.6,14.6,13.0
2015-10-25T23:59:00,1014.2,13.95,12.8
2015-10-26T23:59:00,1019.5,11.2,12.6
2015-10-27T23:59:00,1018.7,11.1,12.7
2015-10-28T23:59:00,1016.6,11.6,13.0
2015-10-29T23:59:00,1024.6,10.3,13.0
2015-10-30T23:59:00,1029.0,10.2,13.2
2015-10-31T23:59:00,1027.4,10.0,13.3
2015-11-01T23:59:00,1022.6,11.0,13.4
2015-11-02T23:59:00,1018.8,11.8,13.5
2015-11-03T23:59:00,1020.3,12.2,13.7
2015-11-04T23:59:00,1021.5,14.1,14.0
2015-11-05T23:59:00,1021.1,13.1,14.2
2015-11-06T23:59:00,1017.1,13.3,14.6
2015-11-07T23:59:00,1015.8,11.3,14.7
2015-11-08T23:59:00,1012.2,11.9,14.5
2015-11-09T23:59:00,1013.65,12.3,13.0
2015-11-10T23:59:00,1023.4,11.6,13.2
2015-11-11T23:59:00,1016.3,12.1,13.4
2015-11-12T23:59:00,1017.2,11.9,13.7
2015-11-13T23:59:00,1016.7,12.2,13.6
2015-11-14T23:59:00,1014.3,12.9,13.4
2015-11-15T23:59:00,1012.6,12.9,13.5
2015-11-16T23:59:00,1008.85,12.8,13.4
2015-11-17T23:59:00,1014.8,9.3,12.6
2015-11-18T23:59:00,1013.1,9.5,12.3
2015-11-19T23:59:00,1021.4,9.3,12.5
2015-11-20T23:59:00,1014.4,10.3,12.4
2015-11-21T23:59:00,1014.8,10.7,12.3
2015-11-22T23:59:00,1014.7,11.3,12.5
2015-11-23T23:59:00,1013.3,12.3,12.9
2015-11-24T23:59:00,1008.3,12.7,13.1
2015-11-25T23:59:00,1011.4,12.7,13.0
2015-11-26T23:59:00,1015.0,13.3,12.4
2015-11-27T23:59:00,1022.7,11.8,12.6
2015-11-28T23:59:00,1024.1,12.6,12.7
2015-11-29T23:59:00,1021.6,13.2,13.7
2015-11-30T23:59:00,1016.1,13.5,14.3
2015-12-01T23:59:00,1017.1,13.7,14.7
2015-12-02T23:59:00,1012.7,17.4,15.0
2015-12-03T23:59:00,1016.7,14.9,15.3
2015-12-04T23:59:00,1019.3,15.3,15.4
2015-12-05T23:59:00,1017.7,15.4,16.2
2015-12-06T23:59:00,1015.7,14.8,16.1
2015-12-07T23:59:00,1016.7,13.7,16.2
2015-12-08T23:59:00,1020.0,13.6,16.7
2015-12-09T23:59:00,1022.2,13.1,16.6
2015-12-10T23:59:00,1020.0,13.4,16.7
2015-12-11T23:59:00,1013.0,12.2,16.6
2015-12-12T23:59:00,1006.8,13.4,15.6
2015-12-13T23:59:00,1008.85,12.3,14.9
2015-12-14T23:59:00,1018.15,11.5,15.2
2015-12-15T23:59:00,1020.1,11.9,15.2
2015-12-16T23:59:00,1014.4,13.2,15.2
2015-12-17T23:59:00,1017.9,11.3,15.3
2015-12-18T23:59:00,1022.1,12.3,15.4
2015-12-19T23:59:00,1016.8,13.2,15.7
2015-12-20T23:59:00,1013.7,14.8,16.1
2015-12-21T23:59:00,1009.1,14.1,15.8
2015-12-22T23:59:00,1010.2,11.5,14.7
2015-12-23T23:59:00,1015.8,10.9,13.1
2015-12-24T23:59:00,1017.4,13.5,13.6
2015-12-25T23:59:00,1013.7,14.3,14.0
2015-12-26T23:59:00,1011.5,15.7,14.5
2015-12-27T23:59:00,1008.8,16.7,15.0
2015-12-28T23:59:00,1008.5,18.0,15.0
2015-12-29T23:59:00,1015.4,17.35,15.2
2015-12-30T23:59:00,1016.6,16.0,15.6
2015-12-31T23:59:00,1014.3,15.8,16.5
2016-01-01T23:59:00,1009.8,16.3,17.1
2016-01-02T23:59:00,1013.3,17.5,17.4
2016-01-03T23:59:00,1015.5,14.9,17.5
2016-01-04T23:59:00,1018.7,14.9,18.1
2016-01-05T23:59:00,1020.5,15.1,18.3
2016-01-06T23:59:00,1017.7,15.2,18.5
2016-01-07T23:59:00,1012.5,16.7,18.4
2016-01-08T23:59:00,1013.6,15.7,18.3
2016-01-09T23:59:00,1014.9,16.5,18.4
2016-01-10T23:59:00,1014.9,15.2,18.1
2016-01-11T23:59:00,1013.5,14.5,18.1
2016-01-12T23:59:00,1016.9,14.4,18.3
2016-01-13T23:59:00,1018.9,15.3,18.5
2016-01-14T23:59:00,1012.7,15.3,18.4
2016-01-15T23:59:00,1013.5,17.1,18.1
2016-01-16T23:59:00,1015.1,16.6,15.9
2016-01-17T23:59:00,1018.2,16.8,17.0
2016-01-18T23:59:00,1016.3,16.1,17.3
2016-01-19T23:59:00,1013.85,16.3,17.9
2016-01-20T23:59:00,1014.15,18.2,17.9
2016-01-21T23:59:00,1012.5,16.8,17.8
2016-01-22T23:59:00,1016.4,17.5,17.9
2016-01-23T23:59:00,1010.2,16.3,18.6
2016-01-24T23:59:00,1010.3,16.1,18.2
2016-01-25T23:59:00,1015.1,15.3,18.1
2016-01-26T23:59:00,1013.7,15.8,18.0
2016-01-27T23:59:00,1009.2,15.5,15.3
2016-01-28T23:59:00,1014.5,16.0,14.7
2016-01-29T23:59:00,1017.4,15.75,15.6
2016-01-30T23:59:00,1021.4,16.4,16.4
2016-01-31T23:59:00,1016.7,16.2,17.0
2016-02-01T23:59:00,1015.1,17.0,17.2
2016-02-02T23:59:00,1012.5,17.5,17.3
2016-02-03T23:59:00,1014.7,16.4,17.5
2016-02-04T23:59:00,1016.9,15.4,17.5
2016-02-05T23:59:00,1016.7,15.9,18.1
2016-02-06T23:59:00,1013.9,18.4,18.4
2016-02-07T23:59:00,1014.0,17.0,18.4
2016-02-08T23:59:00,1016.4,16.1,18.4
2016-02-09T23:59:00,1019.6,15.9,18.5
2016-02-10T23:59:00,1016.3,15.5,18.5
2016-02-11T23:59:00,1013.2,16.8,18.8
2016-02-12T23:59:00,1007.8,15.6,18.5
2016-02-13T23:59:00,1016.4,14.6,16.6
2016-02-14T23:59:00,1016.7,14.3,15.8
2016-02-15T23:59:00,1014.7,15.1,15.3
2016-02-16T23:59:00,1007.0,15.7,16.0
2016-02-17T23:59:00,1011.2,12.8,16.0
2016-02-18T23:59:00,1015.0,13.7,16.0
2016-02-19T23:59:00,1020.0,13.4,16.1
2016-02-20T23:59:00,1013.2,15.7,16.1
2016-02-21T23:59:00,1010.3,15.85,16.1
2016-02-22T23:59:00,1011.7,17.1,16.3
2016-02-23T23:59:00,1016.8,14.4,16.6
2016-02-24T23:59:00,1019.3,13.7,16.8
2016-02-25T23:59:00,1014.7,14.9,16.7
2016-02-26T23:59:00,1015.7,13.3,16.5
2016-02-27T23:59:00,1014.9,13.4,16.0
2016-02-28T23:59:00,1020.0,14.0,15.3
2016-02-29T23:59:00,1019.5,13.1,15.5
2016-03-01T23:59:00,1018.6,13.8,15.7
2016-03-02T23:59:00,1015.5,14.7,15.9
2016-03-03T23:59:00,1017.2,14.9,16.1
2016-03-04T23:59:00,1019.2,14.3,16.2
2016-03-05T23:59:00,1017.2,14.5,16.3
2016-03-06T23:59:00,1016.0,14.4,16.3
2016-03-07T23:59:00,1019.1,14.2,16.4
2016-03-08T23:59:00,1018.8,14.5,16.3
2016-03-09T23:59:00,1020.2,14.3,16.2
2016-03-10T23:59:00,1017.3,13.3,16.2
2016-03-11T23:59:00,1020.3,13.7,16.2
2016-03-12T23:59:00,1015.0,13.1,16.2
2016-03-13T23:59:00,1018.4,12.9,16.1
2016-03-14T23:59:00,1018.7,13.1,16.2
2016-03-15T23:59:00,1020.0,13.5,16.2
2016-03-16T23:59:00,1012.6,13.4,16.3
2016-03-17T23:59:00,1011.15,13.3,16.1
2016-03-18T23:59:00,1026.1,11.3,15.7
2016-03-19T23:59:00,1022.6,13.0,15.7
2016-03-20T23:59:00,1019.0,13.1,15.5
2016-03-21T23:59:00,1019.2,13.6,15.5
2016-03-22T23:59:00,1020.6,14.4,15.4
2016-03-23T23:59:00,1016.2,14.8,15.4
2016-03-24T23:59:00,1025.1,12.6,15.3
2016-03-25T23:59:00,1017.1,12.7,15.2
2016-03-26T23:59:00,1011.1,12.2,15.2
2016-03-27T23:59:00,1014.7,14.1,15.2
2016-03-28T23:59:00,1014.9,15.2,15.3
2016-03-29T23:59:00,1011.9,15.2,15.2
2016-03-30T23:59:00,1010.5,15.9,14.9
2016-03-31T23:59:00,1020.2,12.0,14.0
2016-04-01T23:59:00,1019.0,10.8,13.9
2016-04-02T23:59:00,1019.6,12.2,14.1
2016-04-03T23:59:00,1017.9,11.7,14.2
2016-04-04T23:59:00,1020.4,9.95,14.2
2016-04-05T23:59:00,1014.3,10.0,14.3
2016-04-06T23:59:00,1005.6,13.5,14.2
2016-04-07T23:59:00,1018.5,12.1,13.1
2016-04-08T23:59:00,1020.4,10.8,12.7
2016-04-09T23:59:00,1020.4,11.1,12.7
2016-04-10T23:59:00,1022.7,11.3,12.9
2016-04-11T23:59:00,1019.2,11.8,13.2
2016-04-12T23:59:00,1014.2,10.6,13.3
2016-04-13T23:59:00,1009.3,14.1,13.4
2016-04-14T23:59:00,1001.8,14.5,12.4
2016-04-15T23:59:00,998.8,13.6,12.1
2016-04-16T23:59:00,1017.9,9.6,11.9
2016-04-17T23:59:00,1021.0,6.7,12.0
2016-04-18T23:59:00,1019.2,9.5,12.2
2016-04-19T23:59:00,1012.2,11.1,12.3
2016-04-20T23:59:00,1005.1,13.1,12.0
2016-04-21T23:59:00,1017.5,10.5,12.0
2016-04-22T23:59:00,1007.6,11.6,12.0
2016-04-23T23:59:00,1004.6,9.7,12.0
2016-04-24T23:59:00,1017.3,9.7,11.9
2016-04-25T23:59:00,1027.8,9.6,11.9
2016-04-26T23:59:00,1027.3,9.5,11.9
2016-04-27T23:59:00,1017.0,8.4,11.9
2016-04-28T23:59:00,1015.6,8.9,11.9
2016-04-29T23:59:00,1020.3,10.2,12.0
2016-04-30T23:59:00,1016.1,9.2,12.0
2016-05-01T23:59:00,1011.1,10.5,12.1
2016-05-02T23:59:00,1018.9,13.3,12.2
2016-05-03T23:59:00,1018.0,12.9,12.3
2016-05-04T23:59:00,1015.1,12.2,12.4
2016-05-05T23:59:00,1014.2,11.9,12.4
2016-05-06T23:59:00,1018.3,12.3,12.5
2016-05-07T23:59:00,1015.5,10.0,12.4
2016-05-08T23:59:00,1015.4,12.4,12.4
2016-05-09T23:59:00,1016.6,12.8,12.4
2016-05-10T23:59:00,1015.6,10.6,12.4
2016-05-11T23:59:00,1014.3,13.3,12.4
2016-05-12T23:59:00,1017.7,14.6,12.5
2016-05-13T23:59:00,1014.6,11.2,12.4
2016-05-14T23:59:00,1012.0,11.9,12.4
2016-05-15T23:59:00,1020.7,12.2,12.4
2016-05-16T23:59:00,1018.9,11.0,12.5
2016-05-17T23:59:00,1017.5,10.0,12.5
2016-05-18T23:59:00,1013.9,9.8,12.4
2016-05-19T23:59:00,1017.7,10.1,12.3
2016-05-20T23:59:00,1021.6,8.2,12.2
2016-05-21T23:59:00,1020.7,7.7,12.1
2016-05-22T23:59:00,1021.6,6.8,12.1
2016-05-23T23:59:00,1013.0,8.8,12.1
2016-05-24T23:59:00,1014.1,9.1,12.1
2016-05-25T23:59:00,1014.9,12.6,12.0
2016-05-26T23:59:00,1020.8,14.2,12.1
2016-05-27T23:59:00,1019.1,9.2,12.0
2016-05-28T23:59:00,1017.3,7.5,12.0
2016-05-29T23:59:00,1016.4,12.1,12.0
2016-05-30T23:59:00,1018.0,11.3,11.8
2016-05-31T23:59:00,1017.8,10.4,11.8
2016-06-01T23:59:00,1018.2,8.3,11.8
2016-06-02T23:59:00,1020.2,8.3,11.8
2016-06-03T23:59:00,1015.5,8.4,11.7
2016-06-04T23:59:00,1018.8,9.1,11.7
2016-06-05T23:59:00,1021.2,7.4,11.6
2016-06-06T23:59:00,1020.3,9.5,11.6
2016-06-07T23:59:00,1025.0,9.8,11.6
2016-06-08T23:59:00,1023.2,10.0,11.6
2016-06-09T23:59:00,1025.0,9.3,11.6
2016-06-10T23:59:00,1030.1,6.6,11.5
2016-06-11T23:59:00,1024.4,8.6,11.4
2016-06-12T23:59:00,1016.3,7.1,11.1
2016-06-13T23:59:00,1018.3,10.8,11.2
2016-06-14T23:59:00,1022.9,7.3,11.2
2016-06-15T23:59:00,1025.9,9.3,11.2
2016-06-16T23:59:00,1028.9,9.6,11.2
2016-06-17T23:59:00,1025.0,8.7,11.2
2016-06-18T23:59:00,1025.2,9.4,11.2
2016-06-19T23:59:00,1020.6,7.9,11.1
2016-06-20T23:59:00,1021.7,5.6,11.1
2016-06-21T23:59:00,1022.7,10.3,11.1
2016-06-22T23:59:00,1015.8,9.05,11.1
2016-06-23T23:59:00,1019.4,9.9,11.3
2016-06-24T23:59:00,1027.9,8.4,11.3
2016-06-25T23:59:00,1026.0,9.1,11.2
2016-06-26T23:59:00,1023.8,10.05,11.2
2016-06-27T23:59:00,1021.9,7.8,11.1
2016-06-28T23:59:00,1015.1,6.5,11.1
2016-06-29T23:59:00,1016.1,8.6,11.1
2016-06-30T23:59:00,1024.3,7.7,11.1
2016-07-01T23:59:00,1021.0,8.0,10.9
2016-07-02T23:59:00,1016.0,7.95,10.85
2016-07-03T23:59:00,1021.5,6.0,10.9
2016-07-04T23:59:00,1025.4,8.3,10.9
2016-07-05T23:59:00,1025.0,8.0,10.9
2016-07-06T23:59:00,1020.7,9.2,11.1
2016-07-07T23:59:00,1017.4,11.0,11.3
2016-07-08T23:59:00,1011.1,12.4,11.5
2016-07-09T23:59:00,1011.4,11.5,11.6
2016-07-10T23:59:00,1002.2,11.35,11.6
2016-07-11T23:59:00,1004.4,9.6,11.6
2016-07-12T23:59:00,1014.5,9.3,11.7
2016-07-13T23:59:00,1010.0,8.6,11.6
2016-07-14T23:59:00,1016.9,9.1,11.5
2016-07-15T23:59:00,1024.3,7.4,11.5
2016-07-16T23:59:00,1016.6,6.7,11.4
2016-07-17T23:59:00,1009.3,9.2,11.5
2016-07-18T23:59:00,1020.5,10.0,11.6
2016-07-19T23:59:00,1012.4,7.5,11.5
2016-07-20T23:59:00,1012.9,11.0,11.6
2016-07-21T23:59:00,1022.2,7.7,11.5
2016-07-22T23:59:00,1013.1,8.2,11.5
2016-07-23T23:59:00,1017.9,7.1,11.4
2016-07-24T23:59:00,1014.6,7.6,11.3
2016-07-25T23:59:00,1018.9,7.0,11.3
2016-07-26T23:59:00,1027.0,6.9,11.2
2016-07-27T23:59:00,1014.5,7.5,11.2
2016-07-28T23:59:00,1009.7,11.3,11.2
2016-07-29T23:59:00,1012.3,10.2,11.3
2016-07-30T23:59:00,1012.1,9.5,11.4
2016-07-31T23:59:00,1015.3,9.9,11.4
2016-08-01T23:59:00,1023.0,9.8,11.5
2016-08-02T23:59:00,1017.4,6.9,11.4
2016-08-03T23:59:00,1012.3,10.7,11.5
2016-08-04T23:59:00,1013.8,10.6,11.5
2016-08-05T23:59:00,1015.7,9.4,11.4
2016-08-06T23:59:00,1018.6,9.9,11.4
2016-08-07T23:59:00,1014.7,12.1,11.4
2016-08-08T23:59:00,1024.4,9.9,11.4
2016-08-09T23:59:00,1022.0,10.6,11.5
2016-08-10T23:59:00,1013.9,8.7,11.6
2016-08-11T23:59:00,1018.1,10.3,11.5
2016-08-12T23:59:00,1014.1,8.4,11.5
2016-08-13T23:59:00,1014.3,9.5,11.4
2016-08-14T23:59:00,1006.7,10.2,11.4
2016-08-15T23:59:00,1007.7,9.8,11.4
2016-08-16T23:59:00,1004.0,10.5,11.4
2016-08-17T23:59:00,1012.8,8.1,11.4
2016-08-18T23:59:00,1014.2,7.7,11.5
2016-08-19T23:59:00,1019.0,8.1,11.5
2016-08-20T23:59:00,1031.9,6.25,11.3
2016-08-21T23:59:00,1026.7,7.0,11.3
2016-08-22T23:59:00,1019.7,10.2,11.3
2016-08-23T23:59:00,1015.7,9.2,11.3
2016-08-24T23:59:00,1012.6,11.2,11.3
2016-08-25T23:59:00,1009.6,12.3,11.3
2016-08-26T23:59:00,1020.45,8.5,11.3
2016-08-27T23:59:00,1020.2,5.6,11.3
2016-08-28T23:59:00,1020.3,10.1,11.3
2016-08-29T23:59:00,1021.1,11.7,11.4
2016-08-30T23:59:00,1014.4,10.0,11.4
2016-08-31T23:59:00,1024.0,6.3,11.4
2016-09-01T23:59:00,1032.4,5.8,11.4
2016-09-02T23:59:00,1034.4,8.3,11.4
2016-09-03T23:59:00,1034.1,9.3,11.4
2016-09-04T23:59:00,1028.9,7.9,11.4
2016-09-05T23:59:00,1024.6,7.8,11.4
2016-09-06T23:59:00,1020.1,9.3,11.4
2016-09-07T23:59:00,1016.2,11.3,11.5
2016-09-08T23:59:00,1015.5,11.1,11.5
2016-09-09T23:59:00,1016.3,10.2,11.5
2016-09-10T23:59:00,1020.2,9.0,11.4
2016-09-11T23:59:00,1015.0,9.15,11.5
2016-09-12T23:59:00,1010.0,11.75,11.6
2016-09-13T23:59:00,1027.6,9.9,11.6
2016-09-14T23:59:00,1021.3,8.8,11.6
2016-09-15T23:59:00,1018.6,9.4,11.5
2016-09-16T23:59:00,1013.2,10.2,11.6
2016-09-17T23:59:00,1018.5,8.4,11.5
2016-09-18T23:59:00,1025.0,9.0,11.5
2016-09-19T23:59:00,1014.8,8.8,11.4
2016-09-20T23:59:00,1015.1,11.6,11.5
2016-09-21T23:59:00,1018.9,9.9,11.6
2016-09-22T23:59:00,1028.1,9.7,11.6
2016-09-23T23:59:00,1021.4,10.5,11.7
2016-09-24T23:59:00,1021.4,10.4,12.0
2016-09-25T23:59:00,1014.7,10.7,12.1
2016-09-26T23:59:00,1016.9,10.4,12.3
2016-09-27T23:59:00,1020.3,10.8,12.2
2016-09-28T23:59:00,1016.7,10.6,12.4
2016-09-29T23:59:00,1013.8,13.7,12.5
2016-09-30T23:59:00,1015.9,12.3,12.2
2016-10-01T23:59:00,1019.4,10.7,12.1
2016-10-02T23:59:00,1021.6,8.9,12.1
2016-10-03T23:59:00,1012.7,11.5,12.2
2016-10-04T23:59:00,1023.6,9.9,12.1
2016-10-05T23:59:00,1025.4,9.8,11.9
2016-10-06T23:59:00,1021.0,10.1,11.9
2016-10-07T23:59:00,1022.3,9.8,12.0
2016-10-08T23:59:00,1016.0,9.2,12.1
2016-10-09T23:59:00,1021.1,8.9,12.1
2016-10-10T23:59:00,1017.4,10.35,12.2
2016-10-11T23:59:00,1010.9,11.1,12.0
2016-10-12T23:59:00,1007.0,11.4,11.8
2016-10-13T23:59:00,1017.2,9.5,11.8
2016-10-14T23:59:00,1016.4,8.0,11.9
2016-10-15T23:59:00,1011.2,9.1,11.8
2016-10-16T23:59:00,1008.1,9.5,11.7
2016-10-17T23:59:00,1017.4,10.2,11.9
2016-10-18T23:59:00,1019.6,11.3,11.9
2016-10-19T23:59:00,1024.9,11.4,12.2
2016-10-20T23:59:00,1020.3,12.3,12.4
2016-10-21T23:59:00,1014.6,11.4,12.7
2016-10-22T23:59:00,1011.4,12.4,13.1
2016-10-23T23:59:00,1017.5,14.1,13.6
2016-10-24T23:59:00,1024.2,13.6,13.9
2016-10-25T23:59:00,1026.5,12.6,14.7
2016-10-26T23:59:00,1026.0,13.1,15.1
2016-10-27T23:59:00,1019.5,13.6,15.3
2016-10-28T23:59:00,1014.6,13.3,15.2
2016-10-29T23:59:00,1016.4,13.9,14.9
2016-10-30T23:59:00,1017.8,12.4,14.9
2016-10-31T23:59:00,1008.1,11.2,14.6
2016-11-01T23:59:00,1022.6,8.8,14.0
2016-11-02T23:59:00,1020.1,10.1,13.7
2016-11-03T23:59:00,1014.2,13.7,13.1
2016-11-04T23:59:00,1018.3,15.3,12.9
2016-11-05T23:59:00,1015.3,15.7,12.7
2016-11-06T23:59:00,1015.0,12.6,12.8
2016-11-07T23:59:00,1023.7,11.2,13.0
2016-11-08T23:59:00,1020.6,11.3,13.2
2016-11-09T23:59:00,1023.3,11.9,13.4
2016-11-10T23:59:00,1021.4,11.3,13.5
2016-11-11T23:59:00,1023.1,11.3,13.7
2016-11-12T23:59:00,1016.0,11.8,13.8
2016-11-13T23:59:00,1012.2,12.3,13.7
2016-11-14T23:59:00,1006.9,13.5,13.4
2016-11-15T23:59:00,1018.0,9.6,13.0
2016-11-16T23:59:00,1025.7,10.0,13.1
2016-11-17T23:59:00,1024.8,11.1,13.2
2016-11-18T23:59:00,1016.5,12.3,13.5
2016-11-19T23:59:00,1016.6,12.9,13.8
2016-11-20T23:59:00,1018.1,13.2,14.2
2016-11-21T23:59:00,1018.4,15.3,14.6
2016-11-22T23:59:00,1013.0,17.1,14.9
2016-11-23T23:59:00,1014.6,13.2,14.9
2016-11-24T23:59:00,1014.2,15.5,15.2
2016-11-25T23:59:00,1010.5,14.6,15.6
2016-11-26T23:59:00,1012.6,14.9,15.2
2016-11-27T23:59:00,1021.1,13.45,14.9
2016-11-28T23:59:00,1025.2,13.8,15.2
2016-11-29T23:59:00,1020.1,14.4,15.4
2016-11-30T23:59:00,1012.0,15.5,15.7
2016-12-01T23:59:00,1015.5,15.7,15.5
2016-12-02T23:59:00,1017.3,14.0,15.55
2016-12-03T23:59:00,1012.9,15.05,15.7
2016-12-04T23:59:00,1005.3,14.8,15.4
2016-12-05T23:59:00,1016.3,12.1,14.3
2016-12-06T23:59:00,1020.0,11.6,14.1
2016-12-07T23:59:00,1019.5,13.5,14.4
2016-12-08T23:59:00,1016.9,14.0,14.8
2016-12-09T23:59:00,1014.4,15.0,15.1
2016-12-10T23:59:00,1013.3,14.8,14.9
2016-12-11T23:59:00,1015.9,15.2,14.7
2016-12-12T23:59:00,1015.3,12.3,14.3
2016-12-13T23:59:00,1023.2,11.8,14.3
2016-12-14T23:59:00,1019.0,13.2,14.5
2016-12-15T23:59:00,1013.4,16.15,14.8
2016-12-16T23:59:00,1010.9,15.4,14.9
2016-12-17T23:59:00,1017.1,13.6,14.6
2016-12-18T23:59:00,1018.6,15.1,14.6
2016-12-19T23:59:00,1013.1,16.35,14.7
2016-12-20T23:59:00,1008.9,15.7,14.6
2016-12-21T23:59:00,1017.2,13.1,13.9
2016-12-22T23:59:00,1019.0,13.1,14.1
2016-12-23T23:59:00,1017.4,14.1,14.2
2016-12-24T23:59:00,1008.6,14.4,14.3
2016-12-25T23:59:00,1006.8,12.7,13.4
2016-12-26T23:59:00,1019.6,12.7,13.8
2016-12-27T23:59:00,1022.0,14.3,13.9
2016-12-28T23:59:00,1015.1,16.8,14.6
2016-12-29T23:59:00,1011.9,15.7,15.2
2016-12-30T23:59:00,1011.7,16.4,15.4
2016-12-31T23:59:00,1012.8,15.5,15.1
2017-01-01T23:59:00,1018.4,15.6,15.0
2017-01-02T23:59:00,1013.8,15.6,14.7
2017-01-03T23:59:00,1012.7,12.7,14.3
2017-01-04T23:59:00,1016.0,12.1,14.2
2017-01-05T23:59:00,1019.1,12.7,14.3
2017-01-06T23:59:00,1012.5,14.1,14.4
2017-01-07T23:59:00,1012.9,16.4,14.3
2017-01-08T23:59:00,1008.6,13.8,14.2
2017-01-09T23:59:00,1012.3,13.2,14.2
2017-01-10T23:59:00,1017.8,13.05,14.4
2017-01-11T23:59:00,1018.8,14.1,14.5
2017-01-12T23:59:00,1012.3,16.4,14.7
2017-01-13T23:59:00,1019.8,14.8,14.7
2017-01-14T23:59:00,1016.3,13.8,15.0
2017-01-15T23:59:00,1015.3,14.1,15.3
2017-01-16T23:59:00,1013.9,15.4,15.2
2017-01-17T23:59:00,1018.6,14.0,15.0
2017-01-18T23:59:00,1018.3,14.7,15.1
2017-01-19T23:59:00,1015.9,17.3,15.3
2017-01-20T23:59:00,1017.4,18.3,15.3
2017-01-21T23:59:00,1019.4,18.1,15.6
2017-01-22T23:59:00,1020.0,15.5,16.0
2017-01-23T23:59:00,1017.7,16.7,16.7
2017-01-24T23:59:00,1019.2,16.6,16.8
2017-01-25T23:59:00,1020.8,17.3,16.8
2017-01-26T23:59:00,1019.5,18.3,17.3
2017-01-27T23:59:00,1015.5,19.6,17.35
2017-01-28T23:59:00,1014.5,17.0,17.3
2017-01-29T23:59:00,1012.0,16.8,17.5
2017-01-30T23:59:00,1016.3,16.3,17.4
2017-01-31T23:59:00,1020.2,15.1,17.5
2017-02-01T23:59:00,1016.9,14.7,17.8
2017-02-02T23:59:00,1011.1,15.0,18.0
2017-02-03T23:59:00,1010.0,16.8,17.2
2017-02-04T23:59:00,1017.1,15.0,17.0
2017-02-05T23:59:00,1018.8,14.4,17.4
2017-02-06T23:59:00,1015.4,15.1,17.5
2017-02-07T23:59:00,1013.7,14.7,17.8
2017-02-08T23:59:00,1014.2,15.3,17.9
2017-02-09T23:59:00,1018.9,15.9,17.8
2017-02-10T23:59:00,1018.3,15.45,17.6
2017-02-11T23:59:00,1017.3,15.7,17.7
2017-02-12T23:59:00,1018.6,16.0,17.6
2017-02-13T23:59:00,1015.3,15.1,17.6
2017-02-14T23:59:00,1013.6,15.7,17.7
2017-02-15T23:59:00,1014.6,15.8,17.7
2017-02-16T23:59:00,1009.9,17.7,17.3
2017-02-17T23:59:00,1011.5,12.7,16.3
2017-02-18T23:59:00,1011.8,13.3,15.2
2017-02-19T23:59:00,1008.6,17.5,14.5
2017-02-20T23:59:00,1013.5,19.0,14.1
2017-02-21T23:59:00,1016.3,20.4,14.3
2017-02-22T23:59:00,1015.2,19.2,14.7
2017-02-23T23:59:00,1013.7,18.5,15.1
2017-02-24T23:59:00,1015.1,16.5,15.8
2017-02-25T23:59:00,1015.6,15.8,16.3
2017-02-26T23:59:00,1013.0,15.9,16.5
2017-02-27T23:59:00,1013.0,15.05,16.4
2017-02-28T23:59:00,1007.2,17.7,16.1
2017-03-01T23:59:00,1011.2,14.2,15.4
2017-03-02T23:59:00,1012.2,13.4,15.3
2017-03-03T23:59:00,1020.0,13.2,15.3
2017-03-04T23:59:00,1018.3,13.8,15.5
2017-03-05T23:59:00,1016.8,12.7,15.6
2017-03-06T23:59:00,1017.5,12.2,15.7
2017-03-07T23:59:00,1009.6,13.75,15.7
2017-03-08T23:59:00,1004.8,15.0,15.6
2017-03-09T23:59:00,1008.9,12.2,14.5
2017-03-10T23:59:00,1016.1,13.0,14.4
2017-03-11T23:59:00,1017.3,9.8,14.0
2017-03-12T23:59:00,1024.1,11.8,14.0
2017-03-13T23:59:00,1016.6,13.5,14.0
2017-03-14T23:59:00,1014.8,13.6,14.3
2017-03-15T23:59:00,1022.5,13.4,14.5
2017-03-16T23:59:00,1019.7,13.3,14.8
2017-03-17T23:59:00,1016.8,12.8,14.9
2017-03-18T23:59:00,1015.5,11.55,15.0
2017-03-19T23:59:00,1019.3,14.8,15.1
2017-03-20T23:59:00,1022.7,13.0,15.2
2017-03-21T23:59:00,1019.65,14.4,15.3
2017-03-22T23:59:00,1016.9,14.2,15.5
2017-03-23T23:59:00,1016.6,13.6,15.6
2017-03-24T23:59:00,1014.3,13.7,15.6
2017-03-25T23:59:00,1011.6,14.7,15.6
2017-03-26T23:59:00,1011.9,16.6,15.4
2017-03-27T23:59:00,1014.6,15.25,14.7
2017-03-28T23:59:00,1015.0,12.0,14.8
2017-03-29T23:59:00,1015.2,13.2,14.8
2017-03-30T23:59:00,1015.9,13.4,14.8
2017-03-31T23:59:00,1016.6,13.1,14.9
2017-04-01T23:59:00,1015.9,12.2,15.0
2017-04-02T23:59:00,1016.6,14.7,14.9
2017-04-03T23:59:00,1013.2,14.8,14.4
2017-04-04T23:59:00,1012.65,13.2,14.3
2017-04-05T23:59:00,1017.0,13.0,13.9
2017-04-06T23:59:00,1008.2,13.5,13.7
2017-04-07T23:59:00,1013.0,10.2,13.5
2017-04-08T23:59:00,1018.95,9.7,13.5
2017-04-09T23:59:00,1020.8,11.4,13.6
2017-04-10T23:59:00,1019.0,11.6,13.7
2017-04-11T23:59:00,1022.3,11.7,13.8
2017-04-12T23:59:00,1014.7,11.7,13.9
2017-04-13T23:59:00,1012.6,10.7,13.9
2017-04-14T23:59:00,1015.6,12.3,14.0
2017-04-15T23:59:00,1019.3,11.5,14.1
2017-04-16T23:59:00,1017.5,11.6,14.1
2017-04-17T23:59:00,1014.8,13.0,14.1
2017-04-18T23:59:00,1012.3,12.5,14.2
2017-04-19T23:59:00,1013.1,14.9,14.2
2017-04-20T23:59:00,1014.2,12.6,13.9
2017-04-21T23:59:00,1018.4,11.5,13.9
2017-04-22T23:59:00,1019.4,12.2,13.7
2017-04-23T23:59:00,1018.4,10.3,13.6
2017-04-24T23:59:00,1010.4,11.9,13.6
2017-04-25T23:59:00,1018.3,10.4,13.3
2017-04-26T23:59:00,1021.9,10.9,13.3
2017-04-27T23:59:00,1013.5,13.9,13.1
2017-04-28T23:59:00,1018.1,13.6,13.0
2017-04-29T23:59:00,1018.3,12.9,13.0
2017-04-30T23:59:00,1015.8,16.3,13.0
2017-05-01T23:59:00,1009.5,14.5,13.1
2017-05-02T23:59:00,1012.7,13.2,13.0
2017-05-03T23:59:00,1019.5,10.8,12.9
2017-05-04T23:59:00,1007.9,13.7,12.8
2017-05-05T23:59:00,1004.5,16.0,12.7
2017-05-06T23:59:00,1003.7,14.3,12.7
2017-05-07T23:59:00,1009.3,12.2,12.8
2017-05-08T23:59:00,1018.4,11.2,12.7
2017-05-09T23:59:00,1018.0,9.9,12.7
2017-05-10T23:59:00,1010.7,9.5,12.8
2017-05-11T23:59:00,1009.5,13.0,12.8
2017-05-12T23:59:00,1009.0,12.0,12.9
2017-05-13T23:59:00,1007.5,15.4,12.9
2017-05-14T23:59:00,1011.4,11.9,12.8
2017-05-15T23:59:00,1018.6,11.6,12.8
2017-05-16T23:59:00,1009.0,12.8,12.8
2017-05-17T23:59:00,1008.8,10.7,12.7
2017-05-18T23:59:00,1020.6,8.8,12.6
2017-05-19T23:59:00,1023.3,8.0,12.5
2017-05-20T23:59:00,1017.7,9.8,12.5
2017-05-21T23:59:00,1010.5,10.2,12.5
2017-05-22T23:59:00,1018.2,6.0,12.4
2017-05-23T23:59:00,1020.2,4.7,12.3
2017-05-24T23:59:00,1017.3,6.5,12.3
2017-05-25T23:59:00,1019.5,6.0,12.2
2017-05-26T23:59:00,1025.7,6.8,12.2
2017-05-27T23:59:00,1023.7,4.9,12.1
2017-05-28T23:59:00,1020.9,7.9,12.0
2017-05-29T23:59:00,1021.9,8.6,11.8
2017-05-30T23:59:00,1022.3,7.9,11.7
2017-05-31T23:59:00,1020.4,11.1,11.9
2017-06-01T23:59:00,1021.6,10.4,11.9
2017-06-02T23:59:00,1012.9,9.8,12.0
2017-06-03T23:59:00,1009.3,7.7,12.0
2017-06-04T23:59:00,1019.2,6.5,11.9
2017-06-05T23:59:00,1021.4,7.3,11.9
2017-06-06T23:59:00,1014.0,9.7,12.0
2017-06-07T23:59:00,1008.1,9.7,12.1
2017-06-08T23:59:00,1025.7,7.3,12.0
2017-06-09T23:59:00,1022.3,10.8,12.1
2017-06-10T23:59:00,1018.7,10.3,12.1
2017-06-11T23:59:00,1022.9,7.2,12.0
2017-06-12T23:59:00,1015.6,7.8,12.0
2017-06-13T23:59:00,1016.5,7.3,11.9
2017-06-14T23:59:00,1008.4,11.6,12.0
2017-06-15T23:59:00,1005.0,6.3,11.9
2017-06-16T23:59:00,1003.9,6.1,11.9
2017-06-17T23:59:00,1014.3,4.4,11.7
2017-06-18T23:59:00,1030.7,3.7,11.5
2017-06-19T23:59:00,1024.8,4.0,11.4
2017-06-20T23:59:00,1011.4,7.4,11.4
2017-06-21T23:59:00,1003.0,10.2,11.6
2017-06-22T23:59:00,995.7,10.5,11.7
2017-06-23T23:59:00,1013.35,8.2,11.7
2017-06-24T23:59:00,1008.8,8.8,11.7
2017-06-25T23:59:00,1006.3,10.5,11.6
2017-06-26T23:59:00,1015.2,8.7,11.55
2017-06-27T23:59:00,1022.1,8.9,11.5
2017-06-28T23:59:00,1021.9,8.05,11.4
2017-06-29T23:59:00,1016.6,10.2,11.5
2017-06-30T23:59:00,1021.1,10.0,11.6
2017-07-01T23:59:00,1018.4,12.5,11.7
2017-07-02T23:59:00,1011.2,11.4,11.7
2017-07-03T23:59:00,1005.2,12.7,11.7
2017-07-04T23:59:00,1019.5,7.7,11.7
2017-07-05T23:59:00,1016.5,8.6,11.6
2017-07-06T23:59:00,1022.5,7.1,11.6
2017-07-07T23:59:00,1023.8,5.0,11.5
2017-07-08T23:59:00,1014.3,9.0,11.5
2017-07-09T23:59:00,1024.7,6.5,11.6
2017-07-10T23:59:00,1026.8,5.9,11.6
2017-07-11T23:59:00,1018.3,5.3,11.6
2017-07-12T23:59:00,1008.2,7.1,11.5
2017-07-13T23:59:00,1008.6,7.5,11.5
2017-07-14T23:59:00,1006.5,5.8,11.5
2017-07-15T23:59:00,1018.6,5.0,11.5
2017-07-16T23:59:00,1035.9,3.0,11.3
2017-07-17T23:59:00,1033.5,7.0,11.2
2017-07-18T23:59:00,1026.8,4.8,11.1
2017-07-19T23:59:00,1019.5,8.9,11.2
2017-07-20T23:59:00,1018.0,11.2,11.4
2017-07-21T23:59:00,1016.4,12.4,11.5
2017-07-22T23:59:00,1005.2,10.4,11.5
2017-07-23T23:59:00,1015.0,8.6,11.5
2017-07-24T23:59:00,1017.7,8.8,11.6
2017-07-25T23:59:00,1018.9,9.6,11.6
2017-07-26T23:59:00,1014.7,10.8,11.6
2017-07-27T23:59:00,1009.5,11.1,11.7
2017-07-28T23:59:00,1013.1,8.0,11.7
2017-07-29T23:59:00,1027.45,5.5,11.6
2017-07-30T23:59:00,1030.0,7.8,11.5
2017-07-31T23:59:00,1024.4,7.7,11.4
2017-08-01T23:59:00,1023.6,8.3,11.3
2017-08-02T23:59:00,1028.0,7.9,11.2
2017-08-03T23:59:00,1023.7,8.2,11.1
2017-08-04T23:59:00,1018.8,8.4,11.1
2017-08-05T23:59:00,1007.4,10.1,11.3
2017-08-06T23:59:00,1014.9,10.1,11.5
2017-08-07T23:59:00,1014.0,8.7,11.5
2017-08-08T23:59:00,1008.4,11.2,11.6
2017-08-09T23:59:00,1001.5,10.6,11.7
2017-08-10T23:59:00,1008.7,10.4,11.7
2017-08-11T23:59:00,1014.7,8.6,11.7
2017-08-12T23:59:00,1018.3,7.6,11.7
2017-08-13T23:59:00,1004.6,8.3,11.7
2017-08-14T23:59:00,1015.0,7.7,11.7
2017-08-15T23:59:00,1020.8,8.2,11.7
2017-08-16T23:59:00,1022.2,8.5,11.7
2017-08-17T23:59:00,1013.0,10.7,11.6
2017-08-18T23:59:00,1005.7,9.3,11.7
2017-08-19T23:59:00,1016.55,6.5,11.6
2017-08-20T23:59:00,1026.0,6.5,11.6
2017-08-21T23:59:00,1010.5,9.5,11.5
2017-08-22T23:59:00,996.8,8.5,11.5
2017-08-23T23:59:00,1007.6,7.2,11.5
2017-08-24T23:59:00,1004.4,7.0,11.5
2017-08-25T23:59:00,1017.1,5.7,11.5
2017-08-26T23:59:00,1012.8,9.6,11.5
2017-08-27T23:59:00,1012.4,7.9,11.5
2017-08-28T23:59:00,1019.0,7.0,11.5
2017-08-29T23:59:00,1027.0,7.6,11.4
2017-08-30T23:59:00,1020.4,6.7,11.3
2017-08-31T23:59:00,1009.0,8.3,11.3
2017-09-01T23:59:00,1007.4,9.7,11.4
2017-09-02T23:59:00,1019.6,8.4,11.4
2017-09-03T23:59:00,1024.3,8.2,11.4
2017-09-04T23:59:00,1030.5,7.0,11.4
2017-09-05T23:59:00,1016.3,8.4,11.5
2017-09-06T23:59:00,1021.2,8.2,11.5
2017-09-07T23:59:00,1016.9,7.5,11.4
2017-09-08T23:59:00,1017.8,6.4,11.4
2017-09-09T23:59:00,1024.6,6.5,11.3
2017-09-10T23:59:00,1022.0,6.45,11.3
2017-09-11T23:59:00,1023.7,7.4,11.3
2017-09-12T23:59:00,1023.3,8.850000000000003,11.3
2017-09-13T23:59:00,1018.0,9.1,11.3
2017-09-14T23:59:00,1028.0,7.2,11.2
2017-09-15T23:59:00,1033.5,6.7,11.2
2017-09-16T23:59:00,1026.0,7.7,11.3
2017-09-17T23:59:00,1015.4,8.7,11.5
2017-09-18T23:59:00,1013.2,8.4,11.6
2017-09-19T23:59:00,1014.8,9.1,11.6
2017-09-20T23:59:00,1027.1,8.7,11.5
2017-09-21T23:59:00,1025.8,9.9,11.5
2017-09-22T23:59:00,1023.5,11.0,11.5
2017-09-23T23:59:00,1014.0,9.3,11.5
2017-09-24T23:59:00,1016.9,11.0,11.5
2017-09-25T23:59:00,1027.2,9.0,11.4
2017-09-26T23:59:00,1025.8,8.6,11.4
2017-09-27T23:59:00,1021.8,8.8,11.4
2017-09-28T23:59:00,1012.5,9.9,11.4
2017-09-29T23:59:00,1008.0,10.9,11.4
2017-09-30T23:59:00,1005.2,10.4,11.4
2017-10-01T23:59:00,1011.4,9.8,11.4
2017-10-02T23:59:00,1013.7,9.1,11.4
2017-10-03T23:59:00,1007.6,9.1,11.4
2017-10-04T23:59:00,992.5,10.1,11.2
2017-10-05T23:59:00,1000.4,8.8,11.0
2017-10-06T23:59:00,1020.8,8.5,11.1
2017-10-07T23:59:00,1014.9,8.7,11.2
2017-10-08T23:59:00,1019.2,9.8,11.2
2017-10-09T23:59:00,1020.6,8.6,11.2
2017-10-10T23:59:00,1018.1,8.5,11.3
2017-10-11T23:59:00,1025.2,9.0,11.3
2017-10-12T23:59:00,1025.8,10.2,11.7
2017-10-13T23:59:00,1027.0,10.95,11.7
2017-10-14T23:59:00,1023.7,10.8,11.8
2017-10-15T23:59:00,1016.1,11.3,12.1
2017-10-16T23:59:00,1009.1,11.15,12.5
2017-10-17T23:59:00,1010.8,11.3,12.0
2017-10-18T23:59:00,1020.15,9.95,11.6
2017-10-19T23:59:00,1020.9,9.2,11.6
2017-10-20T23:59:00,1020.0,9.3,11.6
2017-10-21T23:59:00,1026.5,9.0,11.7
2017-10-22T23:59:00,1017.1,9.3,11.9
2017-10-23T23:59:00,1013.2,11.0,12.0
2017-10-24T23:59:00,1018.3,10.9,11.9
2017-10-25T23:59:00,1017.9,10.3,11.8
2017-10-26T23:59:00,1018.5,11.0,11.8
2017-10-27T23:59:00,1017.6,12.0,11.8
2017-10-28T23:59:00,1006.2,8.9,11.7
2017-10-29T23:59:00,1009.8,8.3,11.5
2017-10-30T23:59:00,1016.8,9.9,11.5
2017-10-31T23:59:00,1010.1,10.4,11.4
2017-11-01T23:59:00,1010.0,12.7,11.4
2017-11-02T23:59:00,1013.8,11.9,11.4
2017-11-03T23:59:00,1017.0,12.3,11.6
2017-11-04T23:59:00,1013.3,12.2,11.7
2017-11-05T23:59:00,1012.6,13.2,12.0
2017-11-06T23:59:00,1017.1,13.1,12.2
2017-11-07T23:59:00,1015.5,13.25,12.5
2017-11-08T23:59:00,1018.3,11.6,12.7
2017-11-09T23:59:00,1016.0,12.45,13.0
2017-11-10T23:59:00,1021.5,11.8,13.1
2017-11-11T23:59:00,1016.7,11.55,13.3
2017-11-12T23:59:00,1013.7,14.9,13.5
2017-11-13T23:59:00,1013.0,14.8,13.6
2017-11-14T23:59:00,1015.7,11.3,13.6
2017-11-15T23:59:00,1019.9,10.3,13.7
2017-11-16T23:59:00,1014.2,12.0,13.6
2017-11-17T23:59:00,1022.9,10.3,12.9
2017-11-18T23:59:00,1022.35,9.8,12.8
2017-11-19T23:59:00,1019.3,10.8,12.7
2017-11-20T23:59:00,1020.9,10.5,12.7
2017-11-21T23:59:00,1025.4,11.5,12.9
2017-11-22T23:59:00,1021.6,11.7,13.1
2017-11-23T23:59:00,1020.9,11.6,13.3
2017-11-24T23:59:00,1022.2,11.3,13.5
2017-11-25T23:59:00,1024.3,12.2,13.6
2017-11-26T23:59:00,1018.6,12.2,13.7
2017-11-27T23:59:00,1020.1,12.5,13.9
2017-11-28T23:59:00,1012.5,13.2,14.1
2017-11-29T23:59:00,1019.2,12.0,14.3
2017-11-30T23:59:00,1019.4,12.7,14.4
2017-12-01T23:59:00,1018.5,12.8,14.5
2017-12-02T23:59:00,1015.4,13.2,14.55
2017-12-03T23:59:00,1017.0,15.2,14.6
2017-12-04T23:59:00,1017.1,12.5,14.6
2017-12-05T23:59:00,1014.0,13.7,14.8
2017-12-06T23:59:00,1017.9,13.7,14.9
2017-12-07T23:59:00,1017.4,13.0,15.1
2017-12-08T23:59:00,1015.9,14.0,15.3
2017-12-09T23:59:00,1020.6,13.1,15.6
2017-12-10T23:59:00,1020.0,14.1,15.6
2017-12-11T23:59:00,1011.8,14.5,15.5
2017-12-12T23:59:00,1015.3,14.6,15.7
2017-12-13T23:59:00,1017.9,16.1,15.7
2017-12-14T23:59:00,1016.2,15.1,15.4
2017-12-15T23:59:00,1013.2,13.9,14.7
2017-12-16T23:59:00,1005.6,13.1,14.3
2017-12-17T23:59:00,1022.8,11.0,13.9
2017-12-18T23:59:00,1018.6,12.8,14.1
2017-12-19T23:59:00,1017.1,14.5,14.3
2017-12-20T23:59:00,1011.9,14.7,14.5
2017-12-21T23:59:00,1016.6,13.6,14.3
2017-12-22T23:59:00,1016.8,12.7,14.1
2017-12-23T23:59:00,1023.5,11.2,13.9
2017-12-24T23:59:00,1017.8,12.1,14.1
2017-12-25T23:59:00,1011.2,16.2,13.65
2017-12-26T23:59:00,1015.0,14.9,13.7
2017-12-27T23:59:00,1015.9,15.3,13.7
2017-12-28T23:59:00,1013.1,16.65,
2017-12-29T23:59:00,1010.0,16.6,13.4
2017-12-30T23:59:00,1018.1,13.6,13.1
2017-12-31T23:59:00,1019.8,12.7,13.0
2018-01-01T23:59:00,1019.6,13.5,13.2
2018-01-02T23:59:00,1014.4,13.3,13.5
2018-01-03T23:59:00,1005.65,14.7,13.4
2018-01-04T23:59:00,1008.2,14.0,13.3
2018-01-05T23:59:00,1019.4,12.7,13.2
2018-01-06T23:59:00,1022.2,12.6,13.2
2018-01-07T23:59:00,1017.6,17.4,13.2
2018-01-08T23:59:00,1012.5,15.7,13.2
2018-01-09T23:59:00,1016.2,17.5,13.8
2018-01-10T23:59:00,1016.2,15.2,14.5
2018-01-11T23:59:00,1016.3,15.5,15.1
2018-01-12T23:59:00,1016.6,14.2,15.4
2018-01-13T23:59:00,1022.7,14.0,15.5
2018-01-14T23:59:00,1016.3,14.0,15.6
2018-01-15T23:59:00,1016.4,14.3,15.6
2018-01-16T23:59:00,1020.4,15.0,15.6
2018-01-17T23:59:00,1021.1,15.6,15.6
2018-01-18T23:59:00,1022.2,15.4,15.5
2018-01-19T23:59:00,1019.5,16.2,15.5
2018-01-20T23:59:00,1015.0,16.4,15.6
2018-01-21T23:59:00,1013.1,15.3,15.9
2018-01-22T23:59:00,1011.9,14.1,16.2
2018-01-23T23:59:00,1016.6,13.8,16.4
2018-01-24T23:59:00,1016.0,13.9,16.5
2018-01-25T23:59:00,1014.6,14.5,16.6
2018-01-26T23:59:00,1013.3,13.4,16.6
2018-01-27T23:59:00,1017.3,14.5,16.5
2018-01-28T23:59:00,1018.8,14.5,16.3
2018-01-29T23:59:00,1009.6,15.9,16.2
2018-01-30T23:59:00,1016.0,15.3,16.3
2018-01-31T23:59:00,1023.0,14.5,16.2
2018-02-01T23:59:00,1020.0,15.3,16.1
2018-02-02T23:59:00,1012.8,15.9,16.2
2018-02-03T23:59:00,1014.4,16.5,16.3
2018-02-04T23:59:00,1016.5,16.1,16.3
2018-02-05T23:59:00,1014.8,16.6,16.4
2018-02-06T23:59:00,1010.4,16.7,16.5
2018-02-07T23:59:00,1017.1,16.4,16.4
2018-02-08T23:59:00,1014.0,14.6,16.2
2018-02-09T23:59:00,1018.1,11.8,16.0
2018-02-10T23:59:00,1022.4,13.1,15.9
2018-02-11T23:59:00,1023.9,13.6,15.9
2018-02-12T23:59:00,1019.4,14.35,16.0
2018-02-13T23:59:00,1015.4,15.0,16.1
2018-02-14T23:59:00,1014.9,15.25,16.2
2018-02-15T23:59:00,1013.9,16.5,16.2
2018-02-16T23:59:00,1015.9,16.65,16.2
2018-02-17T23:59:00,1013.5,19.1,16.1
2018-02-18T23:59:00,1010.5,16.7,15.9
2018-02-19T23:59:00,1012.5,13.3,15.6
2018-02-20T23:59:00,1016.4,14.5,15.6
2018-02-21T23:59:00,1015.7,13.4,15.6
2018-02-22T23:59:00,1017.8,14.7,15.4
2018-02-23T23:59:00,1018.1,14.7,15.2
2018-02-24T23:59:00,1016.0,15.4,15.3
2018-02-25T23:59:00,1017.1,15.65,15.5
2018-02-26T23:59:00,1016.9,16.6,15.6
2018-02-27T23:59:00,1017.8,15.5,15.8
2018-02-28T23:59:00,1016.4,14.6,16.0
2018-03-01T23:59:00,1017.9,15.4,16.0
2018-03-02T23:59:00,1017.1,14.6,16.0
2018-03-03T23:59:00,1013.6,13.9,16.0
2018-03-04T23:59:00,1016.8,14.9,16.0
2018-03-05T23:59:00,1022.7,13.2,15.9
2018-03-06T23:59:00,1018.5,14.8,15.9
2018-03-07T23:59:00,1011.8,16.1,16.1
2018-03-08T23:59:00,1009.4,17.4,16.2
2018-03-09T23:59:00,1012.9,12.9,15.8
2018-03-10T23:59:00,1017.3,10.9,15.5
2018-03-11T23:59:00,1015.6,13.0,15.3
2018-03-12T23:59:00,1012.1,13.8,14.8
2018-03-13T23:59:00,1016.2,11.3,14.5
2018-03-14T23:59:00,1010.2,12.1,14.3
2018-03-15T23:59:00,1013.6,11.95,14.3
2018-03-16T23:59:00,1004.8,12.8,14.0
2018-03-17T23:59:00,1008.9,11.4,13.7
2018-03-18T23:59:00,1019.7,11.0,13.6
2018-03-19T23:59:00,1016.1,12.1,13.5
2018-03-20T23:59:00,1019.6,11.2,13.6
2018-03-21T23:59:00,1008.2,11.75,13.7
2018-03-22T23:59:00,1005.1,14.2,13.7
2018-03-23T23:59:00,1010.7,13.7,13.45
2018-03-24T23:59:00,1026.8,11.1,13.2
2018-03-25T23:59:00,1023.6,10.0,13.1
2018-03-26T23:59:00,1018.0,10.3,13.2
2018-03-27T23:59:00,1013.8,12.9,13.3
2018-03-28T23:59:00,1012.3,15.3,13.4
2018-03-29T23:59:00,1019.0,11.7,13.3
2018-03-30T23:59:00,1017.7,14.1,13.4
2018-03-31T23:59:00,1021.2,12.2,13.3
2018-04-01T23:59:00,1020.7,12.0,13.3
2018-04-02T23:59:00,1015.6,11.9,13.4
2018-04-03T23:59:00,1012.1,14.9,13.4
2018-04-04T23:59:00,1008.5,14.3,13.3
2018-04-05T23:59:00,1022.3,9.4,13.1
2018-04-06T23:59:00,1018.5,7.4,13.0
2018-04-07T23:59:00,1013.6,9.8,12.9
2018-04-08T23:59:00,1014.9,10.8,12.8
2018-04-09T23:59:00,1006.5,14.7,12.8
2018-04-10T23:59:00,1001.4,12.6,12.8
2018-04-11T23:59:00,1009.8,8.5,12.6
2018-04-12T23:59:00,1026.2,8.4,12.6
2018-04-13T23:59:00,1016.1,9.9,12.6
2018-04-14T23:59:00,1018.0,11.5,12.7
2018-04-15T23:59:00,1016.2,16.3,12.8
2018-04-16T23:59:00,1012.5,15.4,12.7
2018-04-17T23:59:00,1023.3,10.0,12.7
2018-04-18T23:59:00,1019.7,11.4,12.6
2018-04-19T23:59:00,1014.3,15.3,12.7
2018-04-20T23:59:00,1012.0,15.0,12.6
2018-04-21T23:59:00,1013.0,13.1,12.5
2018-04-22T23:59:00,1018.4,11.2,12.4
2018-04-23T23:59:00,1023.5,7.4,12.3
2018-04-24T23:59:00,1020.8,8.0,12.3
2018-04-25T23:59:00,1012.7,11.35,12.4
2018-04-26T23:59:00,1004.5,12.0,12.4
2018-04-27T23:59:00,1019.5,9.2,12.3
2018-04-28T23:59:00,1021.3,7.0,12.3
2018-04-29T23:59:00,1020.8,9.6,12.3
2018-04-30T23:59:00,1015.4,8.6,12.2
2018-05-01T23:59:00,1014.6,12.3,12.2
2018-05-02T23:59:00,1012.9,13.2,12.2
2018-05-03T23:59:00,1019.7,10.5,12.1
2018-05-04T23:59:00,1020.9,8.4,12.1
2018-05-05T23:59:00,1013.6,9.9,12.0
2018-05-06T23:59:00,1016.0,11.2,12.0
2018-05-07T23:59:00,1018.4,10.7,12.0
2018-05-08T23:59:00,1017.3,10.1,12.0
2018-05-09T23:59:00,1018.0,10.4,12.0
2018-05-10T23:59:00,1021.1,12.0,12.0
2018-05-11T23:59:00,1021.4,11.8,12.0
2018-05-12T23:59:00,1013.7,10.7,12.0
2018-05-13T23:59:00,1005.4,13.3,12.05
2018-05-14T23:59:00,1012.55,10.4,12.0
2018-05-15T23:59:00,1020.8,8.1,12.0
2018-05-16T23:59:00,1016.0,7.7,11.9
2018-05-17T23:59:00,1010.7,11.4,11.9
2018-05-18T23:59:00,1022.9,11.5,11.9
2018-05-19T23:59:00,1021.7,11.4,11.9
2018-05-20T23:59:00,1019.4,11.0,11.8
2018-05-21T23:59:00,1024.7,8.8,11.8
2018-05-22T23:59:00,1024.25,7.9,11.7
2018-05-23T23:59:00,1021.5,6.6,11.7
2018-05-24T23:59:00,1018.8,11.7,11.8
2018-05-25T23:59:00,1009.9,12.9,11.8
2018-05-26T23:59:00,1011.9,11.2,11.7
2018-05-27T23:59:00,1009.0,11.2,11.7
2018-05-28T23:59:00,1010.5,10.7,11.8
2018-05-29T23:59:00,1014.15,9.0,11.8
2018-05-30T23:59:00,1021.5,8.2,11.7
2018-05-31T23:59:00,1029.3,7.8,11.7
2018-06-01T23:59:00,1024.9,7.0,11.6
2018-06-02T23:59:00,1021.4,6.8,11.5
2018-06-03T23:59:00,1022.1,5.6,11.3
2018-06-04T23:59:00,1025.6,7.4,11.2
2018-06-05T23:59:00,1016.4,9.7,11.1
2018-06-06T23:59:00,1024.9,9.2,11.1
2018-06-07T23:59:00,1018.1,6.9,11.1
2018-06-08T23:59:00,1012.4,7.6,11.2
2018-06-09T23:59:00,1003.3,6.4,11.2
2018-06-10T23:59:00,1006.1,6.5,11.2
2018-06-11T23:59:00,1018.0,5.7,11.3
2018-06-12T23:59:00,1027.9,6.2,11.3
2018-06-13T23:59:00,1028.5,5.8,11.3
2018-06-14T23:59:00,1025.3,4.2,11.3
2018-06-15T23:59:00,1020.3,9.5,11.3
2018-06-16T23:59:00,1019.7,12.7,11.4
2018-06-17T23:59:00,1018.6,13.8,11.4
2018-06-18T23:59:00,1015.4,13.3,11.4
2018-06-19T23:59:00,1018.35,9.0,11.4
2018-06-20T23:59:00,1020.1,6.1,11.3
2018-06-21T23:59:00,1022.7,8.6,11.4
2018-06-22T23:59:00,1013.8,9.3,11.4
2018-06-23T23:59:00,1025.9,6.9,11.3
2018-06-24T23:59:00,1021.7,3.2,11.2
2018-06-25T23:59:00,1015.8,8.2,11.3
2018-06-26T23:59:00,1010.9,8.7,11.3
2018-06-27T23:59:00,1009.7,9.7,11.3
2018-06-28T23:59:00,1012.3,8.8,11.3
2018-06-29T23:59:00,1009.9,9.8,11.3
2018-06-30T23:59:00,1013.8,6.1,11.3
2018-07-01T23:59:00,1015.5,6.4,11.2
2018-07-02T23:59:00,1021.7,3.4,11.1
2018-07-03T23:59:00,1011.1,2.8,10.9
2018-07-04T23:59:00,1004.1,7.5,10.7
2018-07-05T23:59:00,1005.9,12.8,10.6
2018-07-06T23:59:00,1011.1,10.6,10.6
2018-07-07T23:59:00,1021.7,8.6,10.6
2018-07-08T23:59:00,1026.4,8.3,10.6
2018-07-09T23:59:00,1022.7,8.8,10.7
2018-07-10T23:59:00,1015.4,8.4,10.7
2018-07-11T23:59:00,1019.5,8.9,10.7
2018-07-12T23:59:00,1012.8,11.8,10.8
2018-07-13T23:59:00,1012.6,11.8,10.9
2018-07-14T23:59:00,1007.6,9.0,10.9
2018-07-15T23:59:00,1018.5,8.1,11.0
2018-07-16T23:59:00,1021.6,7.15,11.0
2018-07-17T23:59:00,1021.8,4.3,11.0
2018-07-18T23:59:00,1023.6,4.5,11.0
2018-07-19T23:59:00,1028.1,4.3,10.9
2018-07-20T23:59:00,1026.8,4.9,10.8
2018-07-21T23:59:00,1011.1,8.1,10.7
2018-07-22T23:59:00,1023.6,3.5,10.6
2018-07-23T23:59:00,1031.3,5.7,10.7
2018-07-24T23:59:00,1022.7,7.1,10.8
2018-07-25T23:59:00,1023.8,4.4,10.8
2018-07-26T23:59:00,1018.5,5.6,10.8
2018-07-27T23:59:00,1018.1,5.2,10.7
2018-07-28T23:59:00,1024.9,7.4,10.6
2018-07-29T23:59:00,1020.4,8.350000000000001,10.6
2018-07-30T23:59:00,1027.4,5.6,10.7
2018-07-31T23:59:00,1024.6,6.0,10.7
2018-08-01T23:59:00,1022.7,5.8,10.7
2018-08-02T23:59:00,1014.2,3.9,10.6
2018-08-03T23:59:00,1018.2,8.5,10.6
2018-08-04T23:59:00,1014.2,9.9,10.6
2018-08-05T23:59:00,1010.8,11.4,10.7
2018-08-06T23:59:00,1005.0,10.2,10.9
2018-08-07T23:59:00,1020.8,8.4,10.9
2018-08-08T23:59:00,1026.4,8.6,10.9
2018-08-09T23:59:00,1015.8,8.4,10.9
2018-08-10T23:59:00,1018.3,8.8,11.0
2018-08-11T23:59:00,1013.6,9.4,11.0
2018-08-12T23:59:00,1015.7,10.7,11.0
2018-08-13T23:59:00,1019.0,10.4,11.0
2018-08-14T23:59:00,1027.8,7.1,11.0
2018-08-15T23:59:00,1019.7,6.3,11.0
2018-08-16T23:59:00,1016.1,9.9,11.0
2018-08-17T23:59:00,1016.8,10.7,10.9
2018-08-18T23:59:00,1029.9,5.2,10.9
2018-08-19T23:59:00,1036.2,6.6,10.9
2018-08-20T23:59:00,1020.7,8.1,10.8
2018-08-21T23:59:00,1017.9,6.1,10.8
2018-08-22T23:59:00,1004.0,9.0,10.8
2018-08-23T23:59:00,1009.95,7.0,10.8
2018-08-24T23:59:00,1029.7,5.4,10.8
2018-08-25T23:59:00,1025.7,7.5,10.8
2018-08-26T23:59:00,1020.1,10.4,10.9
2018-08-27T23:59:00,1013.2,11.9,10.9
2018-08-28T23:59:00,1013.1,10.4,10.9
2018-08-29T23:59:00,1019.4,7.2,10.9
2018-08-30T23:59:00,1022.7,8.1,10.9
2018-08-31T23:59:00,1020.3,6.5,10.9
2018-09-01T23:59:00,1021.1,7.55,10.8
2018-09-02T23:59:00,1020.95,10.0,10.8
2018-09-03T23:59:00,1024.1,7.5,10.8
2018-09-04T23:59:00,1014.7,11.9,10.8
2018-09-05T23:59:00,1007.9,10.3,10.8
2018-09-06T23:59:00,1020.1,8.0,10.8
2018-09-07T23:59:00,1025.3,7.3,10.8
2018-09-08T23:59:00,1027.7,6.0,10.9
2018-09-09T23:59:00,1021.5,9.0,11.0
2018-09-10T23:59:00,1019.2,7.85,11.0
2018-09-11T23:59:00,1019.6,11.1,11.0
2018-09-12T23:59:00,1025.9,8.6,11.0
2018-09-13T23:59:00,1023.6,8.7,11.1
2018-09-14T23:59:00,1018.5,9.3,11.1
2018-09-15T23:59:00,1016.9,8.9,11.1
2018-09-16T23:59:00,1010.8,11.3,11.2
2018-09-17T23:59:00,1010.9,11.2,11.2
2018-09-18T23:59:00,1007.1,10.0,11.1
2018-09-19T23:59:00,1011.6,9.3,11.0
2018-09-20T23:59:00,1006.2,10.5,11.0
2018-09-21T23:59:00,1006.4,10.9,11.0
2018-09-22T23:59:00,1001.5,11.0,11.1
2018-09-23T23:59:00,1014.85,9.2,11.1
2018-09-24T23:59:00,1019.3,8.850000000000003,11.1
2018-09-25T23:59:00,1017.7,9.0,11.1
2018-09-26T23:59:00,1014.75,8.4,11.1
2018-09-27T23:59:00,1009.0,11.0,11.2
2018-09-28T23:59:00,1002.4,11.9,11.2
2018-09-29T23:59:00,1006.6,9.0,11.1
2018-09-30T23:59:00,1013.3,4.05,11.1
2018-10-01T23:59:00,1022.9,5.7,11.0
2018-10-02T23:59:00,1021.5,7.8,11.0
2018-10-03T23:59:00,1028.0,8.0,11.0
2018-10-04T23:59:00,1027.1,9.0,11.0
2018-10-05T23:59:00,1016.8,10.0,11.1
2018-10-06T23:59:00,1014.1,10.6,11.1
2018-10-07T23:59:00,1008.0,10.4,11.2
2018-10-08T23:59:00,1012.5,10.0,11.2
2018-10-09T23:59:00,1022.6,6.7,11.1
2018-10-10T23:59:00,1028.0,8.0,11.1
2018-10-11T23:59:00,1019.3,9.2,11.1
2018-10-12T23:59:00,1021.9,9.1,11.1
2018-10-13T23:59:00,1023.2,9.05,11.1
2018-10-14T23:59:00,1019.2,11.55,11.2
2018-10-15T23:59:00,1010.3,11.3,11.2
2018-10-16T23:59:00,1003.5,9.7,11.1
2018-10-17T23:59:00,1007.1,9.9,11.0
2018-10-18T23:59:00,1020.3,10.4,11.0
2018-10-19T23:59:00,1018.2,11.0,11.0
2018-10-20T23:59:00,1019.0,11.2,11.1
2018-10-21T23:59:00,1018.4,10.5,11.2
2018-10-22T23:59:00,1022.5,9.5,11.3
2018-10-23T23:59:00,1016.1,10.8,11.3
2018-10-24T23:59:00,1018.4,12.7,11.4
2018-10-25T23:59:00,1020.0,11.4,11.5
2018-10-26T23:59:00,1016.8,12.7,11.6
2018-10-27T23:59:00,1014.6,14.2,11.7
2018-10-28T23:59:00,1010.6,15.2,11.7
2018-10-29T23:59:00,1008.1,13.9,11.5
2018-10-30T23:59:00,1019.0,10.0,11.5
2018-10-31T23:59:00,1021.2,10.7,11.6
2018-11-01T23:59:00,1015.1,10.6,11.8
2018-11-02T23:59:00,1007.4,10.3,12.1
2018-11-03T23:59:00,1011.0,12.2,12.1
2018-11-04T23:59:00,1008.4,12.0,12.0
2018-11-05T23:59:00,1019.8,9.8,11.8
2018-11-06T23:59:00,1026.4,9.3,11.6
2018-11-07T23:59:00,1015.6,11.1,11.6
2018-11-08T23:59:00,1009.0,12.0,11.6
2018-11-09T23:59:00,1009.5,14.1,11.7
2018-11-10T23:59:00,1010.8,13.1,11.7
2018-11-11T23:59:00,1013.5,12.5,11.8
2018-11-12T23:59:00,1016.3,13.1,11.9
2018-11-13T23:59:00,1019.6,12.5,12.1
2018-11-14T23:59:00,1014.9,12.2,12.5
2018-11-15T23:59:00,1019.1,9.6,12.5
2018-11-16T23:59:00,1013.4,11.2,12.4
2018-11-17T23:59:00,1018.6,11.1,12.4
2018-11-18T23:59:00,1020.0,12.4,12.4
2018-11-19T23:59:00,1014.9,14.4,12.5
2018-11-20T23:59:00,1012.2,15.3,12.4
2018-11-21T23:59:00,1004.7,14.7,12.2
2018-11-22T23:59:00,1023.5,10.9,11.9
2018-11-23T23:59:00,1022.3,11.3,11.9
2018-11-24T23:59:00,1021.5,12.0,11.9
2018-11-25T23:59:00,1020.5,12.8,12.0
2018-11-26T23:59:00,1020.9,12.4,12.2
2018-11-27T23:59:00,1021.1,12.0,12.4
2018-11-28T23:59:00,1018.4,12.3,12.7
2018-11-29T23:59:00,1017.4,13.2,12.9
2018-11-30T23:59:00,1024.7,12.0,12.9
2018-12-01T23:59:00,1023.4,12.25,13.0
2018-12-02T23:59:00,1018.4,13.1,13.1
2018-12-03T23:59:00,1015.0,13.2,13.2
2018-12-04T23:59:00,1015.4,13.9,13.4
2018-12-05T23:59:00,1020.0,13.8,13.6
2018-12-06T23:59:00,1021.1,16.4,13.8
2018-12-07T23:59:00,1016.35,16.9,14.0
2018-12-08T23:59:00,1012.7,16.2,14.2
2018-12-09T23:59:00,1013.4,16.1,14.0
2018-12-10T23:59:00,1012.3,15.3,13.6
2018-12-11T23:59:00,1015.1,13.9,13.2
2018-12-12T23:59:00,1019.1,13.15,13.0
2018-12-13T23:59:00,1010.1,13.0,12.9
2018-12-14T23:59:00,1020.8,12.3,13.1
2018-12-15T23:59:00,1020.3,13.1,13.1
2018-12-16T23:59:00,1015.1,14.5,13.2
2018-12-17T23:59:00,1022.8,13.0,13.1
2018-12-18T23:59:00,1020.4,13.2,13.2
2018-12-19T23:59:00,1015.2,13.2,13.4
2018-12-20T23:59:00,1019.5,13.4,13.5
2018-12-21T23:59:00,1018.0,13.4,13.7
2018-12-22T23:59:00,1017.6,13.1,13.8
2018-12-23T23:59:00,1018.6,14.0,13.9
2018-12-24T23:59:00,1015.3,14.9,13.9
2018-12-25T23:59:00,1014.3,15.5,14.1
2018-12-26T23:59:00,1010.2,14.2,14.2
2018-12-27T23:59:00,1016.1,13.3,14.4
2018-12-28T23:59:00,1014.7,14.8,14.6
2018-12-29T23:59:00,1009.0,14.2,14.7
2018-12-30T23:59:00,1016.2,12.7,14.3
2018-12-31T23:59:00,1010.9,14.1,13.9
2019-01-01T23:59:00,1016.8,12.5,13.5
2019-01-02T23:59:00,1022.3,12.25,13.3
2019-01-03T23:59:00,1020.5,11.8,13.2
2019-01-04T23:59:00,1018.6,13.9,13.4
2019-01-05T23:59:00,1014.9,13.8,13.5
2019-01-06T23:59:00,1013.3,13.4,13.8
2019-01-07T23:59:00,1009.15,12.9,14.0
2019-01-08T23:59:00,1009.3,11.3,13.9
2019-01-09T23:59:00,1017.4,9.6,13.9
2019-01-10T23:59:00,1023.5,11.15,13.6
2019-01-11T23:59:00,1015.7,12.6,13.6
2019-01-12T23:59:00,1016.3,13.4,13.6
2019-01-13T23:59:00,1020.2,13.3,13.6
2019-01-14T23:59:00,1016.2,13.6,13.7
2019-01-15T23:59:00,1015.8,13.9,13.9
2019-01-16T23:59:00,1019.8,13.45,14.1
2019-01-17T23:59:00,1025.9,13.8,14.1
2019-01-18T23:59:00,1020.5,14.2,14.2
2019-01-19T23:59:00,1014.1,14.9,14.4
2019-01-20T23:59:00,1013.5,14.3,14.5
2019-01-21T23:59:00,1017.2,13.8,14.6
2019-01-22T23:59:00,1017.9,13.6,14.7
2019-01-23T23:59:00,1018.0,13.6,14.6
2019-01-24T23:59:00,1013.5,13.8,14.6
2019-01-25T23:59:00,1013.8,14.5,14.7
2019-01-26T23:59:00,1021.2,13.2,14.8
2019-01-27T23:59:00,1017.7,13.2,14.9
2019-01-28T23:59:00,1016.0,14.6,15.1
2019-01-29T23:59:00,1014.6,15.3,15.2
2019-01-30T23:59:00,1018.8,13.7,15.2
2019-01-31T23:59:00,1019.7,13.65,15.2
2019-02-01T23:59:00,1021.5,14.4,15.3
2019-02-02T23:59:00,1019.5,15.1,15.4
2019-02-03T23:59:00,1014.0,18.9,15.5
2019-02-04T23:59:00,1008.5,21.25,15.6
2019-02-05T23:59:00,1012.8,17.4,15.6
2019-02-06T23:59:00,1016.2,15.7,15.7
2019-02-07T23:59:00,1017.1,14.8,15.9
2019-02-08T23:59:00,1017.6,14.4,16.1
2019-02-09T23:59:00,1017.2,15.5,16.2
2019-02-10T23:59:00,1012.6,14.0,16.2
2019-02-11T23:59:00,1023.1,13.9,16.2
2019-02-12T23:59:00,1020.4,15.6,16.2
2019-02-13T23:59:00,1016.7,16.3,16.2
2019-02-14T23:59:00,1020.0,14.2,16.2
2019-02-15T23:59:00,1015.2,16.1,16.2
2019-02-16T23:59:00,1014.5,18.3,16.3
2019-02-17T23:59:00,1014.3,15.0,16.3
2019-02-18T23:59:00,1011.8,15.9,16.3
2019-02-19T23:59:00,1013.6,13.6,16.0
2019-02-20T23:59:00,1012.2,14.1,15.6
2019-02-21T23:59:00,1015.2,11.9,15.4
2019-02-22T23:59:00,1018.8,12.7,15.3
2019-02-23T23:59:00,1018.3,12.3,15.3
2019-02-24T23:59:00,1019.7,12.4,15.2
2019-02-25T23:59:00,1022.1,12.7,15.3
2019-02-26T23:59:00,1022.1,13.4,15.2
2019-02-27T23:59:00,1018.5,13.9,15.3
2019-02-28T23:59:00,1014.6,13.9,15.3
2019-03-01T23:59:00,1014.9,14.2,15.3
2019-03-02T23:59:00,1018.6,13.2,15.3
2019-03-03T23:59:00,1014.5,12.4,15.1
2019-03-04T23:59:00,1015.0,12.9,15.1
2019-03-05T23:59:00,1018.0,13.3,15.0
2019-03-06T23:59:00,1004.3,15.1,14.7
2019-03-07T23:59:00,1013.7,13.2,14.5
2019-03-08T23:59:00,1024.0,11.6,14.1
2019-03-09T23:59:00,1020.0,13.1,13.9
2019-03-10T23:59:00,1012.6,13.9,13.9
2019-03-11T23:59:00,1014.8,13.2,13.9
2019-03-12T23:59:00,1016.3,13.0,14.0
2019-03-13T23:59:00,1016.7,13.4,14.1
2019-03-14T23:59:00,1020.5,13.7,14.2
2019-03-15T23:59:00,1020.0,13.7,14.3
2019-03-16T23:59:00,1018.1,14.5,14.4
2019-03-17T23:59:00,1014.2,14.1,14.5
2019-03-18T23:59:00,1020.7,11.1,14.5
2019-03-19T23:59:00,1028.0,9.6,14.6
2019-03-20T23:59:00,1022.3,11.8,14.6
2019-03-21T23:59:00,1016.2,12.0,14.4
2019-03-22T23:59:00,1018.4,14.1,14.4
2019-03-23T23:59:00,1019.2,14.5,14.3
2019-03-24T23:59:00,1022.9,12.5,14.2
2019-03-25T23:59:00,1020.2,12.5,14.1
2019-03-26T23:59:00,1018.0,12.8,14.1
2019-03-27T23:59:00,1012.3,13.1,14.2
2019-03-28T23:59:00,1016.8,12.2,14.2
2019-03-29T23:59:00,1017.0,11.6,14.2
2019-03-30T23:59:00,1016.8,13.9,14.3
2019-03-31T23:59:00,1015.7,14.0,14.2
2019-04-01T23:59:00,1017.1,14.3,14.2
2019-04-02T23:59:00,1020.2,14.3,14.2
2019-04-03T23:59:00,1014.75,11.5,14.0
2019-04-04T23:59:00,1021.9,11.5,13.7
2019-04-05T23:59:00,1023.4,10.2,13.6
2019-04-06T23:59:00,1020.9,12.1,13.5
2019-04-07T23:59:00,1018.1,14.3,13.4
2019-04-08T23:59:00,1014.2,13.9,13.4
2019-04-09T23:59:00,1015.8,14.4,13.2
2019-04-10T23:59:00,1023.3,11.9,13.0
2019-04-11T23:59:00,1020.6,11.4,13.1
2019-04-12T23:59:00,1010.7,11.2,13.1
2019-04-13T23:59:00,1011.6,10.5,12.8
2019-04-14T23:59:00,1018.7,9.9,12.4
2019-04-15T23:59:00,1022.9,7.8,12.4
2019-04-16T23:59:00,1013.9,11.4,12.3
2019-04-17T23:59:00,1015.5,11.0,12.3
2019-04-18T23:59:00,1015.4,10.8,12.2
2019-04-19T23:59:00,1017.9,10.8,12.3
2019-04-20T23:59:00,1019.5,11.0,12.4
2019-04-21T23:59:00,1019.5,10.5,12.4
2019-04-22T23:59:00,1019.2,9.7,12.3
2019-04-23T23:59:00,1018.8,10.4,12.3
2019-04-24T23:59:00,1017.4,10.7,12.2
2019-04-25T23:59:00,1019.7,11.0,12.2
2019-04-26T23:59:00,1019.7,11.9,12.2
2019-04-27T23:59:00,1011.0,13.5,12.1
2019-04-28T23:59:00,1013.8,11.6,11.8
2019-04-29T23:59:00,1021.9,10.3,11.7
2019-04-30T23:59:00,1022.4,9.2,11.7
2019-05-01T23:59:00,1008.1,12.0,11.8
2019-05-02T23:59:00,1005.7,10.5,11.6
2019-05-03T23:59:00,1006.4,10.5,12.0
2019-05-04T23:59:00,1005.3,13.5,12.0
2019-05-05T23:59:00,1019.25,12.5,12.0
2019-05-06T23:59:00,1019.0,10.6,12.0
2019-05-07T23:59:00,1019.2,9.9,12.0
2019-05-08T23:59:00,1015.9,9.8,12.0
2019-05-09T23:59:00,1016.5,10.2,12.0
2019-05-10T23:59:00,1019.8,11.3,12.0
2019-05-11T23:59:00,1014.9,12.55,11.9
2019-05-12T23:59:00,1015.7,14.2,11.9
2019-05-13T23:59:00,1026.6,9.3,11.7
2019-05-14T23:59:00,1018.8,7.1,11.7
2019-05-15T23:59:00,1013.8,7.95,11.7
2019-05-16T23:59:00,1007.1,13.1,11.7
2019-05-17T23:59:00,1006.7,12.5,11.5
2019-05-18T23:59:00,1020.9,9.5,11.5
2019-05-19T23:59:00,1020.5,9.8,11.6
2019-05-20T23:59:00,1026.6,8.8,11.5
2019-05-21T23:59:00,1029.8,8.3,11.4
2019-05-22T23:59:00,1025.6,7.6,11.3
2019-05-23T23:59:00,1022.1,8.1,11.3
2019-05-24T23:59:00,1014.9,7.8,11.3
2019-05-25T23:59:00,1011.0,10.2,11.3
2019-05-26T23:59:00,1015.3,8.2,11.2
2019-05-27T23:59:00,1014.0,9.1,11.2
2019-05-28T23:59:00,1017.8,8.2,11.3
2019-05-29T23:59:00,1010.8,5.2,11.2
2019-05-30T23:59:00,1006.2,12.3,11.3
2019-05-31T23:59:00,1006.2,13.2,11.3
2019-06-01T23:59:00,1008.1,12.0,11.4
2019-06-02T23:59:00,1017.8,12.3,11.4
2019-06-03T23:59:00,1013.7,15.2,11.5
2019-06-04T23:59:00,1003.6,13.0,11.5
2019-06-05T23:59:00,1005.3,11.45,11.5
2019-06-06T23:59:00,1009.0,9.5,11.4
2019-06-07T23:59:00,1018.9,9.8,11.4
2019-06-08T23:59:00,1016.4,10.7,11.4
2019-06-09T23:59:00,1011.8,9.2,11.4
2019-06-10T23:59:00,1020.0,7.1,11.4
2019-06-11T23:59:00,1014.0,4.0,11.3
2019-06-12T23:59:00,1011.9,5.5,11.2
2019-06-13T23:59:00,1014.3,7.1,11.0
2019-06-14T23:59:00,1022.9,6.8,10.8
2019-06-15T23:59:00,1028.0,8.4,10.6
2019-06-16T23:59:00,1026.6,6.6,10.4
2019-06-17T23:59:00,1019.1,7.2,10.5
2019-06-18T23:59:00,1022.2,9.9,10.5
2019-06-19T23:59:00,1021.9,10.2,10.7
2019-06-20T23:59:00,1009.3,8.9,10.7
2019-06-21T23:59:00,1012.9,11.35,10.9
2019-06-22T23:59:00,1016.6,12.3,11.0
2019-06-23T23:59:00,1012.5,11.2,11.1
2019-06-24T23:59:00,1010.5,6.3,11.1
2019-06-25T23:59:00,1018.4,6.1,11.1
2019-06-26T23:59:00,1001.4,9.9,11.1
2019-06-27T23:59:00,998.2,9.1,11.2
2019-06-28T23:59:00,1014.2,6.0,11.1
2019-06-29T23:59:00,1016.8,5.2,10.8
2019-06-30T23:59:00,1025.0,5.5,10.5
2019-07-01T23:59:00,1020.6,6.1,10.5
2019-07-02T23:59:00,1015.65,7.6,10.8
2019-07-03T23:59:00,1016.7,8.0,10.7
2019-07-04T23:59:00,1025.0,6.5,10.8
2019-07-05T23:59:00,1028.7,4.1,10.7
2019-07-06T23:59:00,1019.8,8.2,10.7
2019-07-07T23:59:00,1011.6,10.5,10.5
2019-07-08T23:59:00,1011.5,12.8,10.6
2019-07-09T23:59:00,1014.0,13.1,10.8
2019-07-10T23:59:00,1013.1,12.1,11.0
2019-07-11T23:59:00,1014.4,10.0,11.0
2019-07-12T23:59:00,1015.0,10.8,11.1
2019-07-13T23:59:00,1013.4,9.9,11.1
2019-07-14T23:59:00,1014.8,9.3,11.1
2019-07-15T23:59:00,1023.8,8.5,11.1
2019-07-16T23:59:00,1011.6,10.6,11.1
2019-07-17T23:59:00,1009.0,11.5,11.2
2019-07-18T23:59:00,1021.2,8.3,11.2
2019-07-19T23:59:00,1011.6,9.3,11.2
2019-07-20T23:59:00,1002.1,5.6,11.1
2019-07-21T23:59:00,1000.7,6.3,11.1
2019-07-22T23:59:00,1024.0,5.5,11.1
2019-07-23T23:59:00,1029.4,6.0,11.1
2019-07-24T23:59:00,1028.3,4.4,10.9
2019-07-25T23:59:00,1021.3,5.3,10.7
2019-07-26T23:59:00,1026.4,9.4,10.8
2019-07-27T23:59:00,1022.2,6.4,10.8
2019-07-28T23:59:00,1012.65,8.9,10.8
2019-07-29T23:59:00,1011.7,11.4,10.8
2019-07-30T23:59:00,1010.7,11.5,10.9
2019-07-31T23:59:00,1010.9,8.6,11.0
2019-08-01T23:59:00,1026.2,8.5,10.9
2019-08-02T23:59:00,1032.5,7.15,10.9
2019-08-03T23:59:00,1027.5,6.6,10.8
2019-08-04T23:59:00,1018.2,5.3,10.8
2019-08-05T23:59:00,1009.6,8.6,10.8
2019-08-06T23:59:00,1018.5,7.5,10.8
2019-08-07T23:59:00,1028.5,6.3,10.7
2019-08-08T23:59:00,1031.9,7.2,10.7
2019-08-09T23:59:00,1026.6,7.1,10.6
2019-08-10T23:59:00,1016.75,8.3,10.6
2019-08-11T23:59:00,1013.1,8.2,10.7
2019-08-12T23:59:00,1029.9,7.3,10.8
2019-08-13T23:59:00,1026.3,5.9,10.7
2019-08-14T23:59:00,1013.5,6.3,10.6
2019-08-15T23:59:00,1012.9,11.6,10.5
2019-08-16T23:59:00,1013.6,10.5,10.7
2019-08-17T23:59:00,1014.7,10.0,10.7
2019-08-18T23:59:00,1022.7,9.3,10.8
2019-08-19T23:59:00,1021.3,6.2,10.8
2019-08-20T23:59:00,1017.8,7.0,10.8
2019-08-21T23:59:00,1016.3,10.85,10.8
2019-08-22T23:59:00,1025.6,8.0,10.8
2019-08-23T23:59:00,1015.7,10.8,10.8
2019-08-24T23:59:00,1015.0,11.6,10.8
2019-08-25T23:59:00,1016.75,10.2,10.8
2019-08-26T23:59:00,1016.2,10.4,10.8
2019-08-27T23:59:00,1013.0,8.5,10.8
2019-08-28T23:59:00,1008.2,8.6,10.9
2019-08-29T23:59:00,1018.8,7.7,10.8
2019-08-30T23:59:00,1024.0,8.0,10.8
2019-08-31T23:59:00,1028.2,7.9,10.8
2019-09-01T23:59:00,1027.5,8.4,10.8
2019-09-02T23:59:00,1027.1,8.2,10.7
2019-09-03T23:59:00,1023.7,7.3,10.6
2019-09-04T23:59:00,1019.2,8.75,10.5
2019-09-05T23:59:00,1015.5,8.0,10.5
2019-09-06T23:59:00,1014.3,8.75,10.5
2019-09-07T23:59:00,1017.6,9.5,10.5
2019-09-08T23:59:00,1012.45,8.7,10.6
2019-09-09T23:59:00,1018.65,7.9,10.6
2019-09-10T23:59:00,1022.8,9.2,10.7
2019-09-11T23:59:00,1023.8,7.0,10.7
2019-09-12T23:59:00,1021.9,9.1,10.7
2019-09-13T23:59:00,1015.2,10.9,10.8
2019-09-14T23:59:00,1012.2,9.5,10.8
2019-09-15T23:59:00,1014.2,6.7,10.8
2019-09-16T23:59:00,1030.5,7.45,10.7
2019-09-17T23:59:00,1022.8,8.5,10.8
2019-09-18T23:59:00,1012.0,7.9,10.8
2019-09-19T23:59:00,1020.6,5.7,10.7
2019-09-20T23:59:00,1024.8,7.05,10.7
2019-09-21T23:59:00,1025.4,7.9,10.7
2019-09-22T23:59:00,1023.9,8.3,10.7
2019-09-23T23:59:00,1025.1,8.0,10.7
2019-09-24T23:59:00,1027.5,9.2,10.9
2019-09-25T23:59:00,1024.5,11.1,11.2
2019-09-26T23:59:00,1018.5,10.4,11.3
2019-09-27T23:59:00,1012.65,11.2,11.4
2019-09-28T23:59:00,1015.0,12.8,11.2
2019-09-29T23:59:00,1010.9,9.9,10.9
2019-09-30T23:59:00,1009.85,6.8,10.8
2019-10-01T23:59:00,1018.95,6.4,10.8
2019-10-02T23:59:00,1024.8,5.3,10.8
2019-10-03T23:59:00,1023.7,9.3,11.0
2019-10-04T23:59:00,1027.4,8.7,11.2
2019-10-05T23:59:00,1024.6,8.6,11.2
2019-10-06T23:59:00,1014.8,10.6,11.1
2019-10-07T23:59:00,1022.8,9.4,11.0
2019-10-08T23:59:00,1024.0,9.9,11.0
2019-10-09T23:59:00,1019.5,10.9,11.1
2019-10-10T23:59:00,1009.9,11.9,11.2
2019-10-11T23:59:00,1010.7,12.1,11.2
2019-10-12T23:59:00,1016.9,10.3,11.4
2019-10-13T23:59:00,1023.3,9.9,11.6
2019-10-14T23:59:00,1017.2,15.05,11.6
2019-10-15T23:59:00,1017.4,14.0,11.6
2019-10-16T23:59:00,1016.9,13.0,11.6
2019-10-17T23:59:00,1023.5,11.3,11.6
2019-10-18T23:59:00,1024.9,11.0,11.8
2019-10-19T23:59:00,1015.0,11.2,12.0
2019-10-20T23:59:00,1017.6,10.8,12.0
2019-10-21T23:59:00,1026.6,9.0,11.7
2019-10-22T23:59:00,1024.9,10.0,11.6
2019-10-23T23:59:00,1018.15,10.5,11.9
2019-10-24T23:59:00,1017.0,10.5,12.1
2019-10-25T23:59:00,1015.2,13.0,11.8
2019-10-26T23:59:00,1009.6,12.6,11.6
2019-10-27T23:59:00,1013.0,9.6,11.4
2019-10-28T23:59:00,1006.8,10.7,11.4
2019-10-29T23:59:00,1009.3,9.9,11.3
2019-10-30T23:59:00,1018.7,10.4,11.3
2019-10-31T23:59:00,1010.9,12.3,11.3
2019-11-01T23:59:00,1010.7,10.3,11.3
2019-11-02T23:59:00,1024.8,10.1,11.4
2019-11-03T23:59:00,1011.85,10.1,11.3
2019-11-04T23:59:00,1014.1,9.4,11.5
2019-11-05T23:59:00,1021.7,10.2,11.5
2019-11-06T23:59:00,1019.1,11.3,11.5
2019-11-07T23:59:00,1021.4,10.8,11.6
2019-11-08T23:59:00,1018.8,10.9,12.0
2019-11-09T23:59:00,1020.3,11.55,12.3
2019-11-10T23:59:00,1018.5,13.7,12.6
2019-11-11T23:59:00,1014.9,13.5,12.8
2019-11-12T23:59:00,1015.7,11.5,13.1
2019-11-13T23:59:00,1019.1,14.25,13.1
2019-11-14T23:59:00,1017.1,14.6,13.1
2019-11-15T23:59:00,1011.8,15.7,12.3
2019-11-16T23:59:00,1014.2,13.2,12.3
2019-11-17T23:59:00,1012.7,13.4,11.9
2019-11-18T23:59:00,1019.3,14.0,11.9
2019-11-19T23:59:00,1011.7,13.8,11.9
2019-11-20T23:59:00,1018.8,12.5,11.9
2019-11-21T23:59:00,1020.1,12.2,12.3
2019-11-22T23:59:00,1017.8,12.9,13.0
2019-11-23T23:59:00,1010.1,16.5,13.2
2019-11-24T23:59:00,1009.45,14.7,12.6
2019-11-25T23:59:00,1012.5,11.3,12.1
2019-11-26T23:59:00,1019.4,10.3,11.8
2019-11-27T23:59:00,1019.4,10.5,11.8
2019-11-28T23:59:00,1012.7,12.3,11.6
2019-11-29T23:59:00,1011.6,11.7,11.6
2019-11-30T23:59:00,1019.5,11.5,11.7
2019-12-01T23:59:00,1019.1,12.6,12.1
2019-12-02T23:59:00,1019.9,12.8,12.5
2019-12-03T23:59:00,1022.6,12.6,12.8
2019-12-04T23:59:00,1023.0,12.7,13.1
2019-12-05T23:59:00,1022.2,13.0,13.3
2019-12-06T23:59:00,1022.0,13.0,13.5
2019-12-07T23:59:00,1019.7,13.6,13.8
2019-12-08T23:59:00,1018.4,14.4,14.0
2019-12-09T23:59:00,1016.2,13.9,14.1
2019-12-10T23:59:00,1015.9,15.4,14.2
2019-12-11T23:59:00,1015.2,13.9,13.9
2019-12-12T23:59:00,1022.4,12.1,13.8
2019-12-13T23:59:00,1013.0,13.8,13.8
2019-12-14T23:59:00,1018.5,13.5,13.6
2019-12-15T23:59:00,1021.5,14.2,13.6
2019-12-16T23:59:00,1020.7,13.5,13.7
2019-12-17T23:59:00,1014.8,14.8,14.0
2019-12-18T23:59:00,1009.5,16.2,13.5
2019-12-19T23:59:00,1015.2,13.4,13.5
2019-12-20T23:59:00,1021.4,12.9,13.5
2019-12-21T23:59:00,1019.0,14.2,13.9
2019-12-22T23:59:00,1016.4,16.4,14.2
2019-12-23T23:59:00,1013.2,14.3,14.2
2019-12-24T23:59:00,1012.55,11.95,13.8
2019-12-25T23:59:00,1018.8,13.6,14.0
2019-12-26T23:59:00,1013.5,14.1,14.0
2019-12-27T23:59:00,1010.8,15.6,13.6
2019-12-28T23:59:00,1016.6,14.2,12.9
2019-12-29T23:59:00,1014.5,14.25,13.4
2019-12-30T23:59:00,1019.65,15.0,14.2
2019-12-31T23:59:00,1018.5,15.1,14.8
2020-01-01T23:59:00,1013.1,15.9,15.2
2020-01-02T23:59:00,1016.0,16.6,15.4
2020-01-03T23:59:00,1017.9,17.4,15.4
2020-01-04T23:59:00,1022.5,15.0,15.6
2020-01-05T23:59:00,1014.1,13.3,15.7
2020-01-06T23:59:00,1017.1,13.1,15.6
2020-01-07T23:59:00,1009.3,13.7,14.7
2020-01-08T23:59:00,1005.2,11.8,13.5
2020-01-09T23:59:00,1013.7,10.9,13.0
2020-01-10T23:59:00,1018.8,13.0,13.1
2020-01-11T23:59:00,1018.0,14.1,13.5
2020-01-12T23:59:00,1014.9,14.5,14.2
2020-01-13T23:59:00,1013.5,15.3,14.6
2020-01-14T23:59:00,1013.8,14.3,14.6
2020-01-15T23:59:00,1021.85,12.2,14.5
2020-01-16T23:59:00,1026.0,12.9,14.8
2020-01-17T23:59:00,1018.1,13.7,15.0
2020-01-18T23:59:00,1016.5,14.8,15.1
2020-01-19T23:59:00,1016.7,13.7,15.2
2020-01-20T23:59:00,1017.2,14.9,15.3
2020-01-21T23:59:00,1018.0,16.05,15.5
2020-01-22T23:59:00,1015.6,15.9,15.5
2020-01-23T23:59:00,1017.4,15.9,15.5
2020-01-24T23:59:00,1018.8,15.5,15.5
2020-01-25T23:59:00,1018.9,17.4,15.4
2020-01-26T23:59:00,1020.2,16.8,15.2
2020-01-27T23:59:00,1018.2,15.9,15.6
2020-01-28T23:59:00,1014.2,15.4,15.3
2020-01-29T23:59:00,1021.1,13.8,15.8
2020-01-30T23:59:00,1019.2,14.2,16.0
2020-01-31T23:59:00,1015.7,17.1,16.0
2020-02-01T23:59:00,1011.8,17.8,15.7
2020-02-02T23:59:00,1014.4,13.9,14.8
2020-02-03T23:59:00,1009.7,16.3,14.0
2020-02-04T23:59:00,1013.25,12.4,13.5
2020-02-05T23:59:00,1017.6,11.7,13.4
2020-02-06T23:59:00,1017.6,12.8,13.8
2020-02-07T23:59:00,1022.2,13.9,14.4
2020-02-08T23:59:00,1019.9,15.3,14.9
2020-02-09T23:59:00,1017.5,16.1,15.0
2020-02-10T23:59:00,1017.0,15.5,15.2
2020-02-11T23:59:00,1013.8,14.85,15.2
2020-02-12T23:59:00,1013.3,16.6,15.1
2020-02-13T23:59:00,1018.8,14.05,15.0
2020-02-14T23:59:00,1014.0,14.0,14.7
2020-02-15T23:59:00,1011.1,15.2,13.9
2020-02-16T23:59:00,1009.9,14.6,13.8
2020-02-17T23:59:00,1014.4,14.0,13.9
2020-02-18T23:59:00,1018.3,13.2,14.0
2020-02-19T23:59:00,1020.7,13.3,14.2
2020-02-20T23:59:00,1021.2,13.8,14.6
2020-02-21T23:59:00,1016.4,15.6,14.9
2020-02-22T23:59:00,1014.9,17.7,14.9
2020-02-23T23:59:00,1014.5,13.9,14.9
2020-02-24T23:59:00,1018.0,12.4,14.9
2020-02-25T23:59:00,1022.3,13.3,14.8
2020-02-26T23:59:00,1021.4,13.6,15.0
2020-02-27T23:59:00,1019.9,15.1,15.2
2020-02-28T23:59:00,1021.1,15.7,15.3
2020-02-29T23:59:00,1019.3,15.0,15.4
2020-03-01T23:59:00,1014.6,16.2,15.6
2020-03-02T23:59:00,1017.0,15.0,15.6
2020-03-03T23:59:00,1015.9,14.1,15.6
2020-03-04T23:59:00,1017.8,14.7,15.4
2020-03-05T23:59:00,1018.5,15.6,15.4
2020-03-06T23:59:00,1012.3,14.9,15.5
2020-03-07T23:59:00,1016.2,13.9,15.2
2020-03-08T23:59:00,1017.9,14.0,15.2
2020-03-09T23:59:00,1018.1,13.9,15.6
2020-03-10T23:59:00,1014.2,13.2,15.6
2020-03-11T23:59:00,1012.4,16.9,15.5
2020-03-12T23:59:00,1007.9,16.2,15.2
2020-03-13T23:59:00,1012.0,14.6,14.4
2020-03-14T23:59:00,1023.4,11.7,14.2
2020-03-15T23:59:00,1021.1,13.5,14.4
2020-03-16T23:59:00,1015.6,14.5,14.7
2020-03-17T23:59:00,1020.4,15.1,14.8
2020-03-18T23:59:00,1020.2,13.0,15.0
2020-03-19T23:59:00,1022.6,13.3,15.1
2020-03-20T23:59:00,1014.8,15.3,15.3
2020-03-21T23:59:00,1009.1,15.5,15.2
2020-03-22T23:59:00,1011.3,17.55,13.9
2020-03-23T23:59:00,1007.8,16.6,13.1
2020-03-24T23:59:00,1015.0,16.3,12.8
2020-03-25T23:59:00,1020.4,13.9,12.8
2020-03-26T23:59:00,1013.1,13.7,13.1
2020-03-27T23:59:00,1011.4,14.0,13.6
2020-03-28T23:59:00,1014.9,12.3,13.7
2020-03-29T23:59:00,1021.8,11.1,13.7
2020-03-30T23:59:00,1023.1,12.1,13.9
2020-03-31T23:59:00,1019.8,12.8,14.0
2020-04-01T23:59:00,1026.2,12.8,14.1
2020-04-02T23:59:00,1026.0,13.3,14.1
2020-04-03T23:59:00,1016.0,13.0,14.2
2020-04-04T23:59:00,1017.2,12.2,14.2
2020-04-05T23:59:00,1015.1,11.1,14.1
2020-04-06T23:59:00,1026.6,10.1,13.9
2020-04-07T23:59:00,1021.0,11.8,13.8
2020-04-08T23:59:00,1013.3,11.0,13.8
2020-04-09T23:59:00,1015.2,12.5,13.8
2020-04-10T23:59:00,1014.4,13.7,13.7
2020-04-11T23:59:00,1020.7,11.7,13.4
2020-04-12T23:59:00,1022.5,10.2,13.4
2020-04-13T23:59:00,1024.4,10.2,13.4
2020-04-14T23:59:00,1018.1,10.2,13.4
2020-04-15T23:59:00,1012.6,13.4,13.2
2020-04-16T23:59:00,1013.8,16.2,12.5
2020-04-17T23:59:00,1013.7,16.0,12.2
2020-04-18T23:59:00,1013.6,15.3,12.1
2020-04-19T23:59:00,1018.6,12.5,12.0
2020-04-20T23:59:00,1023.4,11.1,12.0
2020-04-21T23:59:00,1021.2,10.4,12.2
2020-04-22T23:59:00,1015.0,8.45,12.3
2020-04-23T23:59:00,1007.5,13.5,12.4
2020-04-24T23:59:00,1006.5,13.7,12.4
2020-04-25T23:59:00,1012.1,14.9,12.2
2020-04-26T23:59:00,1013.0,13.0,12.1
2020-04-27T23:59:00,1013.7,14.5,12.1
2020-04-28T23:59:00,1020.5,13.3,12.0
2020-04-29T23:59:00,1018.7,12.6,12.0
2020-04-30T23:59:00,1021.8,12.6,12.0
2020-05-01T23:59:00,1016.5,11.0,12.0
2020-05-02T23:59:00,1013.1,13.9,12.1
2020-05-03T23:59:00,1014.0,12.9,12.0
2020-05-04T23:59:00,1013.25,11.7,11.8
2020-05-05T23:59:00,1024.7,8.3,11.7
2020-05-06T23:59:00,1024.0,9.8,11.8
2020-05-07T23:59:00,1017.2,10.1,11.9
2020-05-08T23:59:00,1008.4,14.1,11.9
2020-05-09T23:59:00,1005.2,12.5,11.9
2020-05-10T23:59:00,1006.4,10.6,11.8
2020-05-11T23:59:00,1020.3,10.3,11.8
2020-05-12T23:59:00,1021.5,9.9,11.8
2020-05-13T23:59:00,1024.8,11.1,11.8
2020-05-14T23:59:00,1016.8,12.7,11.8
2020-05-15T23:59:00,1014.6,15.2,11.7
2020-05-16T23:59:00,1013.4,15.2,11.8
2020-05-17T23:59:00,1015.5,11.8,11.6
2020-05-18T23:59:00,1008.7,13.1,11.8
2020-05-19T23:59:00,1014.8,10.1,11.8
2020-05-20T23:59:00,1018.2,9.7,11.8
2020-05-21T23:59:00,1024.0,8.5,11.7
2020-05-22T23:59:00,1027.3,6.9,11.7
2020-05-23T23:59:00,1019.9,10.3,11.7
2020-05-24T23:59:00,1016.4,13.1,11.7
2020-05-25T23:59:00,1018.5,8.6,11.7
2020-05-26T23:59:00,1013.3,12.1,11.7
2020-05-27T23:59:00,1019.4,8.8,11.7
2020-05-28T23:59:00,1019.6,6.2,11.6
2020-05-29T23:59:00,1024.1,4.8,11.4
2020-05-30T23:59:00,1027.5,4.8,11.1
2020-05-31T23:59:00,1025.2,8.3,10.8
2020-06-01T23:59:00,1022.2,7.2,10.7
2020-06-02T23:59:00,1016.1,10.0,11.1
2020-06-03T23:59:00,1024.1,8.8,11.2
2020-06-04T23:59:00,1021.0,7.1,11.1
2020-06-05T23:59:00,1017.0,11.3,11.2
2020-06-06T23:59:00,1008.6,12.4,11.2
2020-06-07T23:59:00,1016.05,9.0,11.2
2020-06-08T23:59:00,1014.8,8.6,11.2
2020-06-09T23:59:00,1012.1,9.4,11.3
2020-06-10T23:59:00,1007.7,10.7,11.3
2020-06-11T23:59:00,994.8,11.3,11.4
2020-06-12T23:59:00,1013.9,7.1,11.3
2020-06-13T23:59:00,1023.1,7.8,11.3
2020-06-14T23:59:00,1013.8,10.1,11.2
2020-06-15T23:59:00,1006.6,10.1,11.1
2020-06-16T23:59:00,1008.2,13.1,11.2
2020-06-17T23:59:00,1008.1,11.3,11.2
2020-06-18T23:59:00,999.7,11.0,11.3
2020-06-19T23:59:00,1007.4,9.2,11.3
2020-06-20T23:59:00,1003.7,9.3,11.3
2020-06-21T23:59:00,1015.6,7.6,11.2
2020-06-22T23:59:00,1006.6,8.9,11.2
2020-06-23T23:59:00,1006.8,7.4,11.2
2020-06-24T23:59:00,1014.7,6.7,11.2
2020-06-25T23:59:00,1020.2,6.4,11.1
2020-06-26T23:59:00,1015.3,6.9,11.0
2020-06-27T23:59:00,1017.0,7.9,11.0
2020-06-28T23:59:00,1007.5,8.4,11.0
2020-06-29T23:59:00,1008.4,8.0,10.9
2020-06-30T23:59:00,1018.5,8.2,10.9
2020-07-01T23:59:00,1014.2,10.6,10.9
2020-07-02T23:59:00,1018.8,9.8,10.9
2020-07-03T23:59:00,1008.1,8.5,11.0
2020-07-04T23:59:00,1009.1,7.9,10.9
2020-07-05T23:59:00,1019.8,6.9,11.0
2020-07-06T23:59:00,1021.0,6.2,11.0
2020-07-07T23:59:00,1013.6,5.8,10.9
2020-07-08T23:59:00,1016.7,6.0,10.9
2020-07-09T23:59:00,1003.4,7.8,10.9
2020-07-10T23:59:00,1013.3,6.4,10.9
2020-07-11T23:59:00,1012.0,6.5,10.8
2020-07-12T23:59:00,1019.2,5.1,10.8
2020-07-13T23:59:00,1025.6,3.1,10.7
2020-07-14T23:59:00,1020.0,5.0,10.5
2020-07-15T23:59:00,1015.2,9.2,10.5
2020-07-16T23:59:00,1011.1,11.0,10.5
2020-07-17T23:59:00,1000.8,10.6,10.5
2020-07-18T23:59:00,1000.2,11.5,10.6
2020-07-19T23:59:00,1008.5,10.9,10.8
2020-07-20T23:59:00,1013.9,9.7,10.9
2020-07-21T23:59:00,1016.0,9.4,10.9
2020-07-22T23:59:00,1025.55,8.8,10.8
2020-07-23T23:59:00,1025.4,6.1,10.8
2020-07-24T23:59:00,1023.5,5.9,10.7
2020-07-25T23:59:00,1010.7,9.7,10.7
2020-07-26T23:59:00,1013.3,8.7,10.8
2020-07-27T23:59:00,1026.4,5.55,10.7
2020-07-28T23:59:00,1028.9,5.4,10.6
2020-07-29T23:59:00,1021.1,4.4,10.4
2020-07-30T23:59:00,1012.7,7.9,10.3
2020-07-31T23:59:00,1014.3,10.8,10.5
2020-08-01T23:59:00,1004.8,11.9,10.7
2020-08-02T23:59:00,1018.3,9.9,10.8
2020-08-03T23:59:00,1013.3,11.6,10.8
2020-08-04T23:59:00,1020.4,7.6,10.8
2020-08-05T23:59:00,1014.3,8.3,10.7
2020-08-06T23:59:00,1027.6,6.5,10.8
2020-08-07T23:59:00,1023.9,8.4,10.7
2020-08-08T23:59:00,1017.2,10.1,10.8
2020-08-09T23:59:00,1013.3,8.6,10.7
2020-08-10T23:59:00,1022.6,5.8,10.7
2020-08-11T23:59:00,1024.9,5.6,10.6
2020-08-12T23:59:00,1018.0,7.9,10.6
2020-08-13T23:59:00,1012.0,8.5,10.5
2020-08-14T23:59:00,1015.1,5.7,10.4
2020-08-15T23:59:00,1021.0,5.2,10.3
2020-08-16T23:59:00,1018.3,7.9,10.3
2020-08-17T23:59:00,1018.2,7.5,10.3
2020-08-18T23:59:00,1018.6,6.8,10.35
2020-08-19T23:59:00,1033.2,5.1,10.3
2020-08-20T23:59:00,1032.6,7.4,10.1
2020-08-21T23:59:00,1024.9,7.8,9.9
2020-08-22T23:59:00,1015.0,7.4,9.9
2020-08-23T23:59:00,1008.7,7.6,9.9
2020-08-24T23:59:00,1009.5,7.8,10.1
2020-08-25T23:59:00,1012.9,8.7,10.1
2020-08-26T23:59:00,1012.7,10.0,10.0
2020-08-27T23:59:00,1014.55,9.4,10.0
2020-08-28T23:59:00,1018.5,6.7,10.1
2020-08-29T23:59:00,1028.3,5.0,10.1
2020-08-30T23:59:00,1029.1,6.0,10.1
2020-08-31T23:59:00,1023.8,8.2,10.1
2020-09-01T23:59:00,1022.5,8.4,10.0
2020-09-02T23:59:00,1022.8,8.6,10.1
2020-09-03T23:59:00,1017.5,8.5,10.1
2020-09-04T23:59:00,1018.0,7.1,10.1
2020-09-05T23:59:00,1020.8,7.9,10.2
2020-09-06T23:59:00,1024.8,7.4,10.2
2020-09-07T23:59:00,1015.75,7.5,10.3
2020-09-08T23:59:00,1009.3,11.1,10.3
2020-09-09T23:59:00,1018.9,8.95,10.3
2020-09-10T23:59:00,1010.3,10.4,10.4
2020-09-11T23:59:00,1019.7,7.0,10.4
2020-09-12T23:59:00,1015.1,8.8,10.5
2020-09-13T23:59:00,1026.8,7.6,10.5
2020-09-14T23:59:00,1026.3,7.0,10.5
2020-09-15T23:59:00,1020.2,9.2,10.7
2020-09-16T23:59:00,1020.8,8.0,10.6
2020-09-17T23:59:00,1018.3,9.8,10.6
2020-09-18T23:59:00,1023.7,9.0,10.6
2020-09-19T23:59:00,1030.6,8.45,10.6
2020-09-20T23:59:00,1022.4,8.6,10.6
2020-09-21T23:59:00,1018.2,8.6,10.6
2020-09-22T23:59:00,1021.4,9.5,10.7
2020-09-23T23:59:00,1023.1,9.1,10.7
2020-09-24T23:59:00,1019.05,9.6,10.7
2020-09-25T23:59:00,1017.7,9.8,10.8
2020-09-26T23:59:00,1023.4,9.6,10.8
2020-09-27T23:59:00,1024.1,9.7,10.8
2020-09-28T23:59:00,1015.2,10.2,10.9
2020-09-29T23:59:00,1006.1,9.6,10.8
2020-09-30T23:59:00,1018.3,6.6,10.6
2020-10-01T23:59:00,1019.4,7.1,10.5
2020-10-02T23:59:00,1022.3,6.6,10.4
2020-10-03T23:59:00,1024.6,9.6,10.5
2020-10-04T23:59:00,1023.7,9.6,10.5
